Age,Gender,Weight (kg),Height (m),Max_BPM,Avg_BPM,Resting_BPM,Session_Duration (hours),Calories_Burned,Workout_Type,Fat_Percentage,Water_Intake (liters),Workout_Frequency (days/week),Experience_Level,BMI
56.0,Male,88.3,1.71,180.0,157.0,60.0,1.69,1313.0,Yoga,12.6,3.5,4.0,3.0,30.2
,Female,74.9,1.53,179.0,151.0,66.0,1.3,883.0,HIIT,33.9,2.1,4.0,,32.0
32.0,Female,68.1,1.66,167.0,122.0,54.0,1.11,677.0,Cardio,33.4,2.3,4.0,2.0,24.71
25.0,Male,53.2,1.7,190.0,164.0,56.0,0.59,532.0,Strength,28.8,2.1,3.0,1.0,18.41
38.0,Male,46.1,1.79,188.0,158.0,68.0,0.64,556.0,,29.2,2.8,3.0,1.0,14.39
56.0,Female,58.0,1.68,168.0,156.0,74.0,1.59,1116.0,HIIT,15.5,2.7,5.0,3.0,20.55
36.0,Male,70.3,1.72,174.0,169.0,73.0,1.49,1385.0,Cardio,21.3,2.3,3.0,2.0,23.76
40.0,Female,69.7,1.51,189.0,141.0,64.0,1.27,895.0,Cardio,30.6,1.9,3.0,2.0,30.57
28.0,Male,121.7,1.94,185.0,127.0,52.0,1.03,,Strength,28.9,2.6,4.0,2.0,32.34
28.0,Male,101.8,1.84,169.0,136.0,64.0,1.08,808.0,Cardio,29.7,2.7,3.0,1.0,30.07
41.0,Male,120.8,1.67,188.0,146.0,54.0,0.82,593.0,HIIT,20.5,3.0,2.0,1.0,43.31
53.0,Male,51.7,1.7,175.0,152.0,72.0,1.15,865.0,HIIT,23.6,3.5,3.0,2.0,17.89
57.0,Male,112.5,1.61,195.0,165.0,61.0,1.24,1013.0,Cardio,22.1,2.7,3.0,2.0,43.4
41.0,Male,94.5,2.0,179.0,136.0,69.0,1.18,794.0,HIIT,27.6,3.7,3.0,1.0,23.62
20.0,Male,117.7,1.81,196.0,161.0,54.0,1.35,1195.0,Yoga,26.4,3.3,,2.0,35.93
39.0,Female,42.5,1.75,181.0,131.0,52.0,1.13,740.0,Strength,26.2,2.1,2.0,1.0,13.88
19.0,Female,64.0,1.53,166.0,167.0,58.0,1.33,1111.0,HIIT,29.8,2.3,3.0,2.0,27.34
41.0,Female,43.8,1.77,182.0,165.0,58.0,1.19,884.0,Cardio,31.9,1.6,3.0,1.0,13.98
47.0,Female,66.8,1.75,199.0,146.0,56.0,1.13,742.0,Strength,32.8,2.5,3.0,2.0,21.81
55.0,Female,75.2,1.67,188.0,167.0,51.0,1.37,1030.0,HIIT,25.2,2.2,2.0,1.0,26.96
19.0,Male,89.0,1.77,175.0,127.0,72.0,1.5,,Strength,28.9,3.7,4.0,2.0,28.41
38.0,Male,71.9,1.77,197.0,142.0,72.0,1.12,875.0,Cardio,25.7,3.1,,1.0,22.95
50.0,Female,71.0,1.68,187.0,161.0,70.0,1.17,848.0,Yoga,33.1,2.5,2.0,1.0,25.16
29.0,Male,120.9,1.78,197.0,168.0,65.0,0.78,721.0,Yoga,28.1,3.4,2.0,1.0,38.16
39.0,Female,64.3,1.69,190.0,148.0,58.0,1.25,925.0,HIIT,26.9,1.9,4.0,2.0,22.51
42.0,Female,63.7,1.71,173.0,169.0,62.0,1.42,1080.0,Yoga,26.1,1.8,3.0,2.0,21.78
44.0,Male,65.2,1.8,192.0,139.0,68.0,0.73,502.0,HIIT,27.2,2.7,2.0,1.0,20.12
59.0,Male,53.9,1.75,168.0,135.0,69.0,1.48,989.0,Strength,21.6,,4.0,2.0,17.6
45.0,Male,84.9,1.86,186.0,136.0,66.0,1.64,1104.0,HIIT,14.2,3.5,5.0,3.0,24.54
33.0,Female,78.0,1.68,183.0,135.0,55.0,1.29,871.0,HIIT,32.3,1.8,3.0,2.0,27.64
32.0,Male,108.2,1.8,172.0,138.0,53.0,1.27,964.0,HIIT,28.4,3.5,3.0,1.0,33.4
20.0,Female,65.4,1.52,185.0,127.0,50.0,1.03,654.0,Yoga,28.0,2.2,4.0,2.0,28.31
54.0,Female,50.2,1.61,188.0,157.0,67.0,1.48,1046.0,HIIT,28.2,2.7,2.0,1.0,19.37
24.0,Female,58.9,1.51,187.0,157.0,68.0,1.04,816.0,Cardio,31.7,2.5,2.0,1.0,25.83
38.0,Male,81.4,1.71,187.0,148.0,58.0,1.52,1237.0,HIIT,10.2,3.5,5.0,3.0,27.84
26.0,Male,127.6,1.73,167.0,160.0,62.0,1.32,1162.0,Strength,27.3,2.9,,1.0,42.63
56.0,Female,59.3,1.56,182.0,155.0,57.0,1.26,879.0,Cardio,,2.6,4.0,2.0,24.37
35.0,Male,96.9,1.71,188.0,145.0,72.0,1.34,1069.0,Strength,24.2,2.9,3.0,2.0,33.14
21.0,Male,62.6,1.81,164.0,150.0,62.0,1.3,1072.0,Strength,27.6,3.5,4.0,2.0,19.11
42.0,Male,45.5,1.6,166.0,163.0,64.0,1.31,1057.0,Strength,21.7,2.6,3.0,2.0,17.77
31.0,Female,48.8,1.51,195.0,131.0,60.0,1.48,969.0,Cardio,28.2,,,1.0,21.4
26.0,Female,44.3,1.6,186.0,136.0,61.0,1.08,734.0,Cardio,34.7,2.0,3.0,1.0,17.3
43.0,Male,113.2,1.83,161.0,134.0,63.0,1.45,962.0,Yoga,29.9,2.9,4.0,2.0,33.8
19.0,Female,60.5,1.59,184.0,128.0,53.0,1.14,730.0,Cardio,30.1,2.2,2.0,1.0,23.93
37.0,Male,124.2,1.76,168.0,158.0,50.0,1.5,1304.0,HIIT,29.3,2.8,2.0,1.0,40.1
45.0,Male,52.4,1.85,186.0,161.0,73.0,1.2,956.0,Strength,25.2,2.5,3.0,1.0,15.31
24.0,Male,54.7,1.74,160.0,167.0,53.0,0.84,772.0,Yoga,22.9,3.6,3.0,1.0,18.07
25.0,Male,88.1,1.95,182.0,131.0,,1.41,1016.0,Cardio,22.7,3.0,2.0,1.0,23.17
52.0,Female,59.7,1.71,169.0,151.0,58.0,1.23,836.0,Strength,34.3,2.0,3.0,1.0,20.42
31.0,Female,79.7,1.54,184.0,144.0,59.0,1.03,742.0,Cardio,26.7,2.3,4.0,2.0,33.61
34.0,Female,51.0,1.62,162.0,158.0,53.0,1.42,1122.0,Yoga,30.8,2.4,3.0,2.0,19.43
53.0,Male,84.2,1.76,165.0,137.0,69.0,1.67,1133.0,Cardio,12.8,3.5,5.0,3.0,27.18
57.0,Male,122.1,1.89,165.0,134.0,58.0,,750.0,Cardio,27.4,,3.0,1.0,34.18
21.0,Male,96.7,1.72,161.0,151.0,62.0,,1046.0,Strength,25.0,2.8,3.0,1.0,32.69
19.0,Female,73.0,1.79,177.0,125.0,61.0,0.81,506.0,HIIT,27.7,1.6,3.0,1.0,22.78
23.0,Male,114.8,1.6,182.0,163.0,60.0,1.47,1318.0,Cardio,21.7,2.7,4.0,2.0,44.84
59.0,Female,65.5,1.52,161.0,162.0,61.0,1.4,1021.0,Yoga,31.2,2.1,3.0,2.0,28.35
21.0,Female,50.3,1.52,171.0,154.0,67.0,1.08,832.0,Cardio,32.2,2.6,3.0,1.0,21.77
46.0,Female,61.0,1.71,181.0,153.0,61.0,1.67,1150.0,Cardio,17.8,2.7,4.0,3.0,
35.0,Female,44.6,1.62,196.0,157.0,65.0,0.56,440.0,HIIT,32.4,2.0,2.0,1.0,16.99
43.0,Female,58.2,1.61,179.0,124.0,54.0,1.04,580.0,Strength,26.4,2.6,3.0,2.0,22.45
51.0,Female,44.8,1.63,198.0,137.0,69.0,1.08,666.0,Yoga,33.8,2.1,4.0,2.0,16.86
27.0,Male,87.5,1.63,183.0,135.0,74.0,1.75,1299.0,Strength,,3.5,5.0,3.0,32.93
53.0,Male,51.8,1.74,179.0,127.0,61.0,1.23,773.0,Strength,21.3,3.7,3.0,2.0,17.11
31.0,Female,64.4,1.7,160.0,144.0,70.0,1.97,,Strength,17.3,2.7,5.0,3.0,22.28
48.0,Female,67.1,1.61,160.0,151.0,74.0,0.62,421.0,Cardio,33.4,1.5,2.0,1.0,25.89
32.0,Male,85.9,1.6,176.0,145.0,60.0,1.99,1587.0,HIIT,14.5,3.5,5.0,3.0,33.55
25.0,Female,65.4,1.77,160.0,141.0,58.0,0.89,627.0,Cardio,27.6,2.6,3.0,1.0,20.88
31.0,Female,61.1,1.76,189.0,150.0,67.0,1.81,1358.0,Yoga,18.6,2.7,4.0,3.0,19.72
40.0,Male,106.5,1.65,162.0,162.0,74.0,1.32,1176.0,HIIT,21.0,3.6,4.0,2.0,39.12
57.0,Female,64.0,1.52,170.0,129.0,52.0,1.73,1004.0,Strength,15.2,2.7,5.0,3.0,27.7
38.0,Female,61.4,1.54,183.0,131.0,69.0,1.47,963.0,HIIT,30.6,2.7,3.0,2.0,25.89
33.0,Female,40.5,1.63,181.0,147.0,66.0,1.07,786.0,Yoga,31.9,1.5,4.0,2.0,15.24
35.0,Male,70.1,1.79,185.0,125.0,63.0,1.08,743.0,Cardio,28.0,2.3,3.0,2.0,21.88
41.0,Male,94.1,1.62,172.0,139.0,50.0,1.13,777.0,Cardio,23.4,3.1,4.0,2.0,35.86
43.0,Male,55.5,1.82,160.0,124.0,66.0,1.08,663.0,Strength,20.1,2.0,3.0,1.0,16.76
42.0,Female,53.7,1.72,183.0,142.0,74.0,1.37,875.0,Cardio,29.8,1.6,3.0,1.0,18.15
58.0,Female,66.1,1.75,169.0,128.0,57.0,0.63,363.0,Cardio,25.2,1.8,2.0,1.0,21.58
46.0,Male,103.9,1.77,194.0,148.0,54.0,1.18,864.0,Yoga,20.9,2.9,2.0,1.0,33.16
32.0,Female,61.7,1.58,183.0,135.0,54.0,1.87,1262.0,HIIT,16.6,2.7,5.0,3.0,24.72
18.0,Female,52.3,1.74,187.0,165.0,58.0,1.2,990.0,Cardio,,2.2,2.0,1.0,17.27
42.0,Female,59.5,1.74,195.0,141.0,52.0,1.78,1129.0,Yoga,16.4,2.7,5.0,3.0,19.65
24.0,Female,72.9,1.76,175.0,127.0,68.0,0.86,546.0,Yoga,30.8,1.5,3.0,1.0,23.53
26.0,Female,76.7,1.63,199.0,139.0,72.0,1.08,751.0,Strength,25.6,1.7,2.0,1.0,28.87
41.0,Male,72.1,1.83,175.0,133.0,58.0,1.13,744.0,Yoga,21.4,2.8,3.0,2.0,21.53
18.0,Female,54.8,1.68,176.0,158.0,71.0,1.27,1003.0,Strength,32.0,,4.0,2.0,19.42
25.0,Male,105.0,1.88,174.0,156.0,67.0,1.34,1150.0,Cardio,21.4,2.3,3.0,2.0,29.71
41.0,Female,55.0,1.55,,169.0,65.0,1.45,1103.0,Strength,31.4,2.0,4.0,2.0,22.89
28.0,Male,81.6,1.66,174.0,153.0,50.0,1.09,917.0,Yoga,20.5,3.5,4.0,2.0,29.61
34.0,Female,75.6,1.6,193.0,130.0,51.0,0.64,416.0,HIIT,29.1,2.7,2.0,1.0,29.53
25.0,Male,81.5,1.61,170.0,159.0,63.0,1.93,1688.0,HIIT,10.9,3.5,4.0,3.0,31.44
52.0,Female,61.5,1.69,160.0,152.0,63.0,1.8,1231.0,Cardio,15.5,2.7,4.0,3.0,21.53
52.0,Male,74.0,1.63,174.0,150.0,50.0,1.26,936.0,Cardio,25.7,3.7,3.0,2.0,27.85
50.0,Female,56.4,1.59,185.0,163.0,74.0,1.26,924.0,HIIT,34.3,2.6,3.0,1.0,22.31
22.0,Male,102.6,1.84,163.0,153.0,65.0,1.25,1052.0,Strength,20.5,2.7,3.0,2.0,30.3
59.0,Female,54.6,,164.0,169.0,64.0,0.58,441.0,Cardio,29.2,2.3,3.0,1.0,22.15
56.0,Male,129.0,1.78,194.0,126.0,64.0,1.29,805.0,Yoga,27.1,2.7,2.0,1.0,40.71
58.0,Male,103.5,1.66,172.0,168.0,61.0,1.33,1106.0,Cardio,24.6,3.1,3.0,1.0,37.56
45.0,Female,,1.51,169.0,142.0,65.0,1.15,735.0,Strength,33.1,,4.0,2.0,26.05
24.0,Female,60.1,1.79,170.0,165.0,63.0,,1625.0,Cardio,15.9,2.7,4.0,3.0,18.76
26.0,Male,77.7,1.62,177.0,126.0,73.0,1.16,804.0,Yoga,29.6,3.0,3.0,2.0,29.61
25.0,Female,41.2,1.62,193.0,144.0,64.0,1.49,1073.0,Yoga,28.9,2.1,4.0,2.0,15.7
29.0,Male,58.6,,198.0,122.0,72.0,1.2,805.0,Yoga,23.4,2.0,3.0,2.0,22.61
51.0,Male,109.3,,182.0,157.0,64.0,0.54,420.0,Strength,28.7,3.3,3.0,1.0,34.5
50.0,Male,69.6,1.96,166.0,139.0,68.0,0.97,667.0,Strength,25.6,2.0,3.0,1.0,18.12
40.0,Female,56.2,,198.0,153.0,57.0,1.79,1369.0,Yoga,17.6,2.7,5.0,3.0,17.54
41.0,Male,71.7,1.96,162.0,168.0,51.0,,424.0,Yoga,27.3,2.5,2.0,1.0,18.66
54.0,Male,86.0,1.93,171.0,163.0,51.0,1.74,1404.0,Strength,12.9,3.5,5.0,3.0,23.09
52.0,Female,79.4,1.59,166.0,163.0,59.0,1.39,1020.0,Strength,26.6,1.5,3.0,2.0,31.41
57.0,Female,78.4,1.62,185.0,149.0,52.0,1.01,677.0,Strength,31.7,2.0,4.0,2.0,29.87
39.0,Female,55.4,1.6,192.0,136.0,72.0,1.44,979.0,HIIT,26.3,1.6,3.0,2.0,21.64
44.0,Female,61.7,1.55,196.0,129.0,66.0,1.41,819.0,Strength,33.1,2.6,4.0,2.0,25.68
52.0,,85.5,1.82,,154.0,57.0,1.78,1357.0,Yoga,14.9,3.5,4.0,,25.81
18.0,Male,87.6,1.93,161.0,139.0,72.0,1.72,1315.0,HIIT,11.9,3.5,4.0,3.0,23.52
52.0,Male,82.4,1.72,166.0,137.0,53.0,1.01,685.0,Strength,24.4,2.7,4.0,2.0,27.85
54.0,Male,67.0,1.68,191.0,164.0,63.0,0.55,446.0,Yoga,20.5,2.8,3.0,1.0,23.74
31.0,Female,42.3,1.6,163.0,163.0,70.0,1.09,888.0,Cardio,25.1,1.9,3.0,2.0,16.52
20.0,Male,82.7,1.99,179.0,146.0,59.0,1.69,1357.0,HIIT,14.6,3.5,5.0,3.0,20.88
18.0,Male,92.4,1.74,195.0,168.0,50.0,1.41,1303.0,Yoga,21.3,3.1,2.0,1.0,30.52
22.0,Female,63.2,1.54,191.0,155.0,53.0,1.02,790.0,Cardio,29.5,2.4,4.0,2.0,26.65
43.0,Male,82.7,1.85,187.0,142.0,50.0,1.22,858.0,Yoga,28.2,3.1,4.0,2.0,24.16
31.0,Male,86.6,1.76,172.0,151.0,66.0,1.29,1071.0,Strength,28.9,3.3,3.0,2.0,27.96
,Male,129.5,1.95,160.0,129.0,66.0,1.0,639.0,Strength,25.2,3.5,2.0,1.0,34.06
44.0,Male,98.0,1.83,194.0,130.0,56.0,1.28,824.0,Cardio,25.7,3.5,4.0,2.0,29.26
26.0,Male,86.2,1.68,189.0,157.0,72.0,1.97,1701.0,Strength,13.3,3.5,5.0,3.0,30.54
32.0,Male,78.6,1.62,195.0,125.0,69.0,1.28,880.0,Yoga,29.6,3.1,3.0,1.0,29.95
32.0,Female,59.0,1.66,184.0,160.0,64.0,0.51,408.0,Cardio,31.0,1.8,2.0,1.0,21.41
43.0,Female,57.3,1.79,175.0,166.0,62.0,1.98,1479.0,Yoga,17.8,2.7,4.0,3.0,17.88
59.0,Male,122.3,1.89,178.0,153.0,51.0,0.66,500.0,Yoga,20.1,3.1,3.0,1.0,34.24
30.0,Male,85.3,1.95,160.0,155.0,68.0,1.61,1373.0,Yoga,10.4,3.5,5.0,3.0,22.43
49.0,Female,45.2,1.74,,156.0,73.0,1.24,870.0,Strength,30.8,2.1,3.0,2.0,14.93
56.0,Male,55.6,1.92,181.0,136.0,62.0,0.68,458.0,Strength,29.4,3.2,3.0,1.0,15.08
49.0,Male,82.8,1.95,183.0,159.0,73.0,1.91,1503.0,Yoga,14.3,3.5,5.0,3.0,21.78
21.0,Male,125.2,1.66,196.0,159.0,60.0,1.38,1207.0,HIIT,29.8,3.4,3.0,2.0,45.43
47.0,Female,58.5,1.79,195.0,131.0,71.0,1.42,,Yoga,30.3,2.4,4.0,2.0,18.26
54.0,Male,86.1,1.95,195.0,140.0,64.0,1.17,811.0,Yoga,27.9,3.4,2.0,1.0,22.64
40.0,Female,63.5,1.61,163.0,159.0,59.0,1.31,1041.0,Cardio,33.4,1.6,3.0,2.0,24.5
56.0,Male,69.3,1.68,195.0,138.0,58.0,0.66,451.0,Yoga,26.5,2.1,2.0,1.0,24.55
32.0,Female,70.5,1.62,177.0,122.0,58.0,1.24,756.0,Strength,28.4,1.8,2.0,1.0,26.86
46.0,Female,60.1,1.65,175.0,137.0,69.0,1.69,1042.0,Cardio,17.3,2.7,4.0,3.0,22.08
53.0,Male,94.1,1.95,177.0,138.0,50.0,0.89,608.0,HIIT,28.6,3.5,3.0,1.0,24.75
30.0,Female,79.2,1.62,181.0,166.0,66.0,1.26,1046.0,Cardio,28.0,2.5,4.0,2.0,30.18
49.0,Male,115.3,1.91,161.0,125.0,61.0,1.38,854.0,HIIT,29.2,3.2,2.0,1.0,31.61
24.0,Female,62.9,1.79,180.0,135.0,59.0,1.42,958.0,,27.3,2.3,4.0,2.0,19.63
39.0,Male,62.0,1.64,195.0,127.0,54.0,0.97,678.0,Cardio,27.5,3.2,3.0,1.0,23.05
45.0,Male,88.5,1.78,198.0,167.0,67.0,1.53,1265.0,HIIT,13.2,3.5,4.0,3.0,27.93
19.0,Female,73.9,1.77,198.0,137.0,64.0,1.28,877.0,Strength,32.5,2.6,3.0,2.0,23.59
59.0,Male,50.3,1.95,188.0,167.0,,1.07,885.0,Strength,24.4,3.4,3.0,1.0,13.23
23.0,Male,83.1,1.8,185.0,162.0,56.0,0.7,624.0,Strength,29.3,3.1,3.0,1.0,25.65
45.0,Female,65.1,1.78,180.0,158.0,66.0,1.46,1038.0,Cardio,31.3,2.3,3.0,1.0,20.55
45.0,Male,46.6,1.79,176.0,168.0,55.0,1.46,1214.0,Yoga,22.9,2.4,3.0,2.0,14.54
37.0,Male,103.5,1.89,175.0,168.0,57.0,0.54,499.0,Cardio,26.4,3.1,2.0,1.0,28.97
47.0,Female,61.9,1.54,190.0,131.0,61.0,1.95,1150.0,Yoga,16.4,2.7,4.0,3.0,26.1
28.0,Female,52.0,1.61,168.0,164.0,70.0,1.32,1082.0,Yoga,27.9,2.0,3.0,2.0,20.06
45.0,Male,113.4,1.71,190.0,129.0,63.0,0.83,530.0,Strength,24.0,2.3,2.0,1.0,38.78
42.0,Male,62.9,1.98,173.0,126.0,61.0,1.42,886.0,Yoga,28.5,3.4,4.0,2.0,16.04
56.0,Female,40.4,1.8,196.0,165.0,72.0,1.23,913.0,Cardio,30.0,2.1,4.0,2.0,12.47
50.0,Female,67.1,1.75,161.0,120.0,59.0,0.67,362.0,Cardio,31.8,2.7,3.0,1.0,21.91
18.0,Male,70.0,1.61,173.0,168.0,71.0,1.3,1201.0,Strength,23.9,2.5,2.0,1.0,27.01
44.0,Female,69.5,1.75,192.0,155.0,,1.02,711.0,HIIT,27.6,2.1,3.0,1.0,22.69
30.0,Male,107.9,1.66,194.0,140.0,64.0,1.08,832.0,Cardio,29.5,2.8,3.0,2.0,39.16
58.0,Male,109.0,1.91,198.0,156.0,56.0,1.49,1151.0,,26.0,2.2,3.0,2.0,29.88
20.0,Male,101.0,1.91,179.0,143.0,58.0,1.36,1070.0,Cardio,29.3,2.7,3.0,2.0,27.69
56.0,Male,88.5,1.85,161.0,144.0,59.0,1.57,1119.0,Cardio,11.0,3.5,4.0,3.0,25.86
23.0,Male,80.9,1.8,178.0,126.0,59.0,1.55,1074.0,Cardio,10.7,3.5,4.0,3.0,24.97
25.0,Female,43.1,1.62,196.0,161.0,65.0,1.04,837.0,HIIT,33.6,1.8,4.0,2.0,16.42
44.0,,59.1,1.52,177.0,136.0,56.0,1.58,967.0,Yoga,18.4,2.7,5.0,3.0,25.58
26.0,Female,54.0,1.53,175.0,148.0,54.0,1.14,844.0,Strength,26.9,1.7,3.0,1.0,23.07
54.0,Female,72.3,1.78,163.0,149.0,72.0,1.27,852.0,Cardio,27.7,1.8,2.0,1.0,22.82
50.0,Male,51.1,1.98,171.0,126.0,52.0,0.92,574.0,Yoga,28.0,2.4,2.0,1.0,13.03
59.0,Male,89.4,1.72,188.0,152.0,67.0,1.08,813.0,Yoga,24.5,3.2,,1.0,30.22
41.0,Male,51.5,1.8,166.0,126.0,60.0,1.09,680.0,Strength,26.7,2.1,4.0,2.0,15.9
32.0,Male,87.9,1.88,173.0,143.0,64.0,1.52,1195.0,Cardio,11.6,3.5,5.0,3.0,24.87
49.0,Female,42.0,1.52,171.0,130.0,70.0,1.1,644.0,HIIT,28.8,2.2,3.0,1.0,18.18
49.0,Male,79.2,1.72,194.0,128.0,69.0,1.46,925.0,Yoga,29.9,3.3,3.0,1.0,26.77
41.0,Male,64.8,1.71,164.0,131.0,54.0,1.2,778.0,Strength,22.5,2.8,3.0,2.0,22.16
58.0,Female,63.0,1.78,176.0,154.0,73.0,1.58,1095.0,HIIT,17.5,2.7,4.0,3.0,19.88
29.0,Female,56.2,1.77,191.0,123.0,61.0,0.68,418.0,Yoga,33.4,2.6,3.0,1.0,17.94
56.0,Female,52.9,1.64,169.0,155.0,53.0,1.1,767.0,Cardio,27.4,2.3,3.0,2.0,19.67
19.0,Female,49.0,1.69,176.0,147.0,64.0,1.05,772.0,Yoga,29.2,2.4,3.0,1.0,17.16
20.0,Male,128.2,1.84,164.0,132.0,58.0,0.83,603.0,HIIT,26.2,2.3,3.0,1.0,37.87
54.0,Male,83.6,1.86,168.0,142.0,56.0,1.54,1082.0,HIIT,12.4,3.5,5.0,3.0,24.16
34.0,Female,56.2,1.77,192.0,138.0,59.0,1.81,1249.0,Cardio,17.3,2.7,5.0,3.0,17.94
19.0,Male,87.8,1.78,195.0,161.0,72.0,1.28,1133.0,Cardio,23.6,3.3,2.0,1.0,27.71
19.0,Male,85.9,1.85,195.0,156.0,62.0,1.66,1424.0,Strength,12.9,3.5,4.0,3.0,25.1
45.0,Male,51.1,1.87,177.0,158.0,57.0,1.44,1126.0,Cardio,26.2,3.4,4.0,2.0,14.61
40.0,Female,57.4,1.71,168.0,,61.0,1.87,1337.0,Strength,18.3,2.7,5.0,3.0,19.63
54.0,Male,114.9,1.92,188.0,135.0,71.0,1.2,802.0,HIIT,20.7,2.6,4.0,2.0,31.17
49.0,Female,62.1,1.66,173.0,152.0,73.0,1.37,937.0,HIIT,31.3,1.8,3.0,2.0,22.54
50.0,Male,57.1,1.91,184.0,131.0,68.0,1.09,707.0,Yoga,29.5,2.7,4.0,,15.65
18.0,Male,68.1,1.8,174.0,153.0,50.0,1.1,926.0,Yoga,25.4,3.3,4.0,2.0,21.02
36.0,Male,69.2,1.65,165.0,126.0,65.0,1.23,852.0,Strength,27.2,,3.0,1.0,25.42
19.0,Female,65.2,1.52,188.0,130.0,71.0,1.23,800.0,Cardio,30.6,2.4,3.0,1.0,28.22
43.0,Male,108.6,1.73,174.0,150.0,66.0,1.33,988.0,Cardio,28.5,2.2,2.0,1.0,36.29
49.0,Female,40.0,1.65,188.0,148.0,74.0,1.03,686.0,Yoga,34.3,2.5,3.0,2.0,14.69
23.0,Female,41.9,1.58,163.0,132.0,67.0,0.56,370.0,HIIT,26.8,1.8,3.0,1.0,16.78
49.0,Female,68.3,1.52,177.0,150.0,60.0,1.45,979.0,Strength,29.4,1.8,4.0,2.0,29.56
21.0,Male,88.4,1.6,198.0,,67.0,1.71,1138.0,HIIT,12.0,3.5,4.0,3.0,34.53
28.0,Male,66.0,1.9,175.0,158.0,56.0,1.18,1025.0,HIIT,24.1,3.0,3.0,1.0,18.28
34.0,Male,71.9,1.64,170.0,134.0,67.0,1.26,929.0,Cardio,21.3,2.1,4.0,2.0,26.73
55.0,Male,75.6,1.71,173.0,130.0,57.0,1.03,663.0,Strength,28.1,,4.0,2.0,25.85
41.0,Female,63.4,1.59,162.0,153.0,55.0,1.84,1267.0,HIIT,15.2,2.7,5.0,3.0,25.08
22.0,Female,71.6,1.77,197.0,158.0,56.0,,1177.0,Yoga,30.3,1.8,3.0,1.0,22.85
51.0,Female,57.4,1.77,177.0,123.0,72.0,1.08,598.0,Yoga,31.6,2.1,4.0,2.0,18.32
23.0,Male,83.8,1.99,179.0,130.0,71.0,1.79,1280.0,Cardio,11.0,3.5,4.0,3.0,21.16
,Female,55.9,1.71,184.0,148.0,59.0,1.95,1443.0,Yoga,19.5,2.7,5.0,3.0,19.12
28.0,Male,87.0,1.76,197.0,121.0,60.0,1.2,799.0,Yoga,28.4,3.5,3.0,2.0,
33.0,Female,65.3,1.71,172.0,135.0,74.0,1.18,796.0,HIIT,29.7,2.5,4.0,2.0,22.33
50.0,Male,45.4,1.67,163.0,158.0,62.0,1.37,1071.0,Yoga,24.1,2.8,4.0,2.0,16.28
26.0,Male,87.1,1.87,173.0,132.0,58.0,1.71,1241.0,Yoga,11.2,3.5,4.0,3.0,24.91
23.0,Female,78.6,1.73,192.0,156.0,56.0,1.47,1147.0,HIIT,32.3,1.5,4.0,2.0,26.26
33.0,Female,78.0,1.71,187.0,136.0,58.0,1.08,734.0,Cardio,26.3,2.1,3.0,1.0,26.67
46.0,Female,58.0,1.53,196.0,140.0,62.0,1.83,1153.0,Cardio,18.4,2.7,4.0,3.0,24.78
20.0,Female,71.3,1.69,167.0,163.0,52.0,1.28,1043.0,Strength,33.4,2.3,3.0,2.0,24.96
37.0,Male,49.1,1.74,193.0,138.0,52.0,1.11,842.0,Yoga,22.3,2.6,3.0,2.0,16.22
53.0,Female,78.3,1.65,164.0,126.0,50.0,1.24,703.0,HIIT,33.7,1.6,3.0,1.0,28.76
36.0,Female,57.3,1.64,164.0,157.0,70.0,1.13,887.0,Strength,25.3,1.8,4.0,2.0,21.3
43.0,Female,48.4,1.61,190.0,127.0,69.0,1.28,732.0,Cardio,34.1,2.4,2.0,1.0,18.67
20.0,Male,76.4,1.62,168.0,132.0,51.0,1.35,980.0,Cardio,21.2,2.6,4.0,2.0,29.11
36.0,Male,110.2,1.77,191.0,156.0,74.0,1.19,1021.0,HIIT,26.5,3.4,2.0,1.0,35.18
37.0,Female,72.9,1.76,192.0,121.0,52.0,1.21,732.0,Strength,27.5,1.9,3.0,2.0,23.53
49.0,Male,82.1,1.86,162.0,160.0,64.0,1.87,1481.0,Strength,14.2,3.5,4.0,3.0,23.73
24.0,Female,58.9,1.76,189.0,130.0,73.0,0.63,410.0,HIIT,30.1,1.7,3.0,1.0,19.01
58.0,Male,82.2,1.87,171.0,143.0,55.0,1.57,1111.0,HIIT,10.7,3.5,4.0,3.0,23.51
,Male,96.7,1.72,188.0,125.0,62.0,1.46,903.0,Strength,25.7,2.7,3.0,2.0,32.69
57.0,Male,81.4,1.86,162.0,145.0,70.0,1.8,1292.0,Cardio,12.0,3.5,5.0,3.0,23.53
56.0,Male,107.8,1.73,185.0,126.0,50.0,1.09,680.0,Yoga,26.6,2.8,3.0,2.0,36.02
35.0,Female,65.8,1.62,189.0,158.0,69.0,1.0,790.0,Cardio,33.8,1.5,4.0,2.0,25.07
57.0,Female,68.5,1.56,168.0,138.0,68.0,1.45,900.0,HIIT,29.1,1.6,4.0,2.0,28.15
18.0,Female,63.9,1.59,185.0,125.0,50.0,1.87,1169.0,Strength,16.4,2.7,4.0,3.0,25.28
28.0,Male,76.3,1.62,161.0,162.0,70.0,1.16,1034.0,Strength,20.1,2.3,3.0,,29.07
45.0,Female,44.5,1.65,162.0,148.0,71.0,1.44,959.0,Yoga,30.7,1.6,3.0,1.0,16.35
42.0,Female,50.7,,163.0,162.0,51.0,1.29,940.0,Strength,29.0,1.9,3.0,2.0,16.56
40.0,Female,55.1,1.61,184.0,158.0,64.0,1.55,1224.0,Yoga,16.9,2.7,4.0,3.0,21.26
48.0,Male,73.7,1.61,172.0,121.0,63.0,1.36,815.0,Cardio,21.8,3.6,4.0,2.0,28.43
47.0,Male,55.6,1.77,198.0,138.0,68.0,1.2,820.0,Cardio,24.3,2.9,4.0,2.0,17.75
59.0,Male,86.9,1.76,194.0,123.0,60.0,1.13,688.0,Strength,29.8,3.1,3.0,2.0,28.05
52.0,Female,60.3,1.68,182.0,125.0,64.0,1.6,900.0,Strength,16.5,2.7,4.0,3.0,21.36
24.0,Female,40.4,1.64,168.0,168.0,55.0,0.99,832.0,HIIT,31.0,1.9,2.0,1.0,15.02
33.0,Female,78.5,1.66,161.0,156.0,69.0,1.29,1006.0,HIIT,32.8,1.9,4.0,2.0,28.49
43.0,Male,102.6,,190.0,147.0,58.0,0.82,597.0,Strength,27.5,2.0,2.0,1.0,34.68
19.0,Male,110.8,1.91,161.0,149.0,54.0,1.31,1074.0,,23.3,2.9,2.0,1.0,30.37
18.0,Female,60.9,1.79,191.0,126.0,69.0,1.11,699.0,Cardio,31.1,2.1,2.0,1.0,19.01
29.0,Male,55.7,1.61,177.0,128.0,51.0,1.41,993.0,Strength,28.7,2.3,3.0,1.0,21.49
22.0,Male,110.5,1.92,172.0,144.0,55.0,1.16,919.0,HIIT,20.2,3.3,3.0,2.0,29.98
54.0,Male,55.2,1.71,164.0,152.0,67.0,0.77,579.0,Cardio,24.4,2.8,2.0,1.0,18.88
49.0,Male,46.5,1.72,169.0,120.0,72.0,1.4,832.0,Yoga,22.2,2.6,4.0,2.0,15.72
26.0,Female,70.9,1.66,184.0,125.0,68.0,0.81,506.0,HIIT,28.9,1.7,3.0,1.0,25.73
58.0,Male,74.6,1.75,193.0,137.0,58.0,1.09,739.0,HIIT,24.2,2.9,2.0,1.0,24.36
52.0,Male,45.1,1.72,196.0,129.0,70.0,0.93,594.0,Cardio,27.5,3.3,2.0,1.0,15.24
36.0,Male,99.9,1.99,189.0,147.0,73.0,1.33,1075.0,Yoga,20.9,2.5,3.0,1.0,25.23
33.0,Male,117.0,1.61,166.0,130.0,55.0,1.04,744.0,HIIT,25.1,2.4,3.0,2.0,45.14
20.0,Female,75.9,1.73,165.0,152.0,63.0,1.39,1056.0,Strength,30.6,2.1,4.0,2.0,25.36
37.0,Female,71.2,1.64,162.0,120.0,73.0,1.11,666.0,HIIT,29.9,1.7,3.0,2.0,26.47
41.0,Male,78.8,1.72,172.0,132.0,62.0,1.01,660.0,Cardio,27.3,3.1,4.0,2.0,26.64
50.0,Male,50.6,1.69,162.0,156.0,60.0,1.31,1012.0,Cardio,23.8,3.0,2.0,1.0,17.72
41.0,Male,82.5,1.79,185.0,139.0,61.0,1.69,1163.0,Cardio,14.7,3.5,4.0,3.0,25.75
28.0,Male,108.5,1.79,183.0,120.0,68.0,1.33,878.0,HIIT,24.8,2.1,4.0,2.0,33.86
25.0,Male,49.9,1.98,165.0,122.0,68.0,1.15,772.0,Yoga,25.7,2.1,3.0,2.0,12.73
53.0,Male,125.1,1.91,171.0,137.0,70.0,0.52,353.0,Strength,28.3,3.1,2.0,1.0,34.29
55.0,Female,79.7,1.66,195.0,160.0,68.0,1.06,763.0,Cardio,27.8,1.9,2.0,1.0,28.92
57.0,Male,126.8,1.63,161.0,133.0,73.0,0.96,632.0,Yoga,20.8,2.1,2.0,1.0,47.72
37.0,Female,54.6,1.57,170.0,150.0,62.0,1.31,982.0,Strength,32.1,,3.0,1.0,22.15
52.0,Female,47.8,1.54,198.0,146.0,63.0,1.34,880.0,Cardio,29.8,1.9,3.0,2.0,20.16
42.0,Male,97.9,1.91,193.0,136.0,73.0,1.01,680.0,Strength,29.0,2.8,3.0,2.0,26.84
52.0,Female,63.1,1.54,185.0,165.0,67.0,1.36,1010.0,Strength,34.8,1.8,3.0,2.0,26.61
42.0,Female,72.4,1.69,177.0,148.0,61.0,1.07,713.0,Yoga,29.0,2.3,3.0,2.0,25.35
46.0,Female,58.9,1.7,180.0,155.0,53.0,1.52,1060.0,Strength,17.1,2.7,4.0,3.0,20.38
35.0,Female,50.4,1.6,195.0,156.0,59.0,1.03,803.0,Cardio,29.1,1.9,4.0,2.0,19.69
35.0,Female,64.2,1.59,199.0,145.0,66.0,1.63,1182.0,Yoga,16.6,2.7,5.0,3.0,
19.0,Female,58.8,1.77,181.0,136.0,53.0,1.4,952.0,HIIT,32.8,2.7,2.0,1.0,18.77
52.0,Male,105.2,1.62,189.0,141.0,61.0,1.36,949.0,HIIT,27.6,3.2,3.0,1.0,40.09
33.0,Female,45.9,1.5,189.0,144.0,62.0,0.92,662.0,Yoga,29.8,1.7,3.0,1.0,20.4
58.0,Female,65.2,1.63,167.0,121.0,53.0,1.12,610.0,HIIT,25.4,2.0,3.0,2.0,24.54
53.0,Female,56.3,1.79,193.0,141.0,59.0,1.52,964.0,Strength,16.5,2.7,5.0,3.0,17.57
50.0,Male,90.0,1.7,168.0,124.0,74.0,0.81,497.0,Cardio,22.9,2.7,2.0,1.0,31.14
,Female,60.0,1.7,179.0,123.0,52.0,1.97,1212.0,Strength,19.1,2.7,5.0,3.0,20.76
50.0,Male,51.5,1.71,199.0,155.0,64.0,1.48,1136.0,Yoga,20.9,2.9,2.0,1.0,17.61
31.0,Female,63.1,1.64,184.0,125.0,51.0,1.54,962.0,Cardio,19.0,2.7,4.0,3.0,23.46
38.0,Male,91.5,1.77,,140.0,74.0,0.8,616.0,Yoga,26.7,3.4,2.0,1.0,29.21
37.0,Male,48.7,1.67,164.0,132.0,74.0,1.39,1009.0,Yoga,27.3,3.0,2.0,1.0,17.46
25.0,Female,57.8,1.56,170.0,156.0,66.0,1.35,1053.0,Yoga,29.3,1.6,3.0,2.0,23.75
24.0,Female,42.0,1.75,174.0,144.0,55.0,0.83,598.0,Strength,31.8,2.3,3.0,1.0,13.71
20.0,Male,128.4,1.92,167.0,145.0,57.0,0.63,502.0,Cardio,26.1,2.0,2.0,1.0,34.83
34.0,Female,74.2,1.57,178.0,158.0,52.0,1.47,1161.0,Cardio,32.7,2.4,3.0,1.0,30.1
50.0,Male,89.6,1.68,182.0,139.0,74.0,1.79,1232.0,Cardio,12.2,3.5,5.0,3.0,31.75
29.0,Male,125.9,2.0,186.0,152.0,67.0,1.36,1137.0,Strength,24.7,3.1,4.0,2.0,31.48
39.0,Male,105.5,1.99,199.0,133.0,71.0,0.81,593.0,HIIT,26.4,2.5,2.0,1.0,26.64
39.0,Male,93.4,1.7,191.0,155.0,50.0,1.1,938.0,Strength,21.1,2.5,4.0,2.0,32.32
47.0,Male,82.1,1.84,185.0,136.0,65.0,1.37,922.0,Strength,24.4,3.4,4.0,2.0,24.25
55.0,Female,42.9,1.69,186.0,140.0,56.0,0.9,567.0,Yoga,34.7,2.4,2.0,1.0,15.02
55.0,Male,128.4,1.68,178.0,165.0,52.0,1.13,923.0,Cardio,20.4,2.6,4.0,2.0,45.49
25.0,Male,112.4,1.96,188.0,135.0,72.0,1.42,1054.0,Cardio,23.2,2.5,2.0,1.0,29.26
44.0,Female,77.7,1.79,198.0,165.0,53.0,1.41,1047.0,HIIT,28.1,2.2,3.0,1.0,24.25
44.0,Male,89.3,1.99,192.0,135.0,58.0,1.4,936.0,HIIT,26.3,2.0,4.0,2.0,22.55
51.0,Female,70.3,1.55,178.0,139.0,54.0,1.4,876.0,Yoga,26.1,1.6,3.0,1.0,29.26
38.0,Female,59.1,1.72,196.0,148.0,68.0,1.07,792.0,Cardio,31.3,1.7,3.0,2.0,19.98
47.0,Female,,1.69,178.0,147.0,64.0,1.48,979.0,HIIT,26.0,1.7,3.0,2.0,17.47
50.0,Male,101.7,1.67,192.0,127.0,57.0,0.53,333.0,HIIT,20.9,2.9,2.0,1.0,36.47
45.0,Male,93.0,1.91,175.0,143.0,55.0,1.03,729.0,Cardio,27.3,3.7,3.0,2.0,25.49
50.0,Male,87.4,1.6,182.0,122.0,67.0,0.77,465.0,Strength,23.2,3.1,2.0,1.0,34.14
22.0,Female,55.1,1.61,166.0,144.0,68.0,1.62,1166.0,HIIT,19.9,2.7,4.0,3.0,21.26
36.0,Male,123.7,1.69,185.0,138.0,73.0,1.3,987.0,Cardio,20.4,2.1,4.0,2.0,43.31
21.0,Female,61.3,1.57,191.0,152.0,64.0,1.94,1474.0,HIIT,17.2,2.7,4.0,,24.87
52.0,Male,72.3,1.94,171.0,121.0,56.0,1.46,874.0,Yoga,21.1,2.9,3.0,2.0,19.21
34.0,Female,69.2,1.53,167.0,134.0,59.0,1.36,911.0,HIIT,28.5,2.1,2.0,1.0,29.56
45.0,Male,81.4,1.61,164.0,141.0,55.0,1.14,796.0,Cardio,30.0,2.2,4.0,2.0,31.4
47.0,Male,84.8,1.86,187.0,129.0,63.0,1.85,1181.0,HIIT,14.4,3.5,5.0,3.0,24.51
46.0,Male,55.1,1.72,164.0,137.0,66.0,1.43,970.0,Yoga,20.5,3.6,3.0,2.0,18.62
23.0,Female,59.0,1.78,185.0,141.0,58.0,1.67,1177.0,Yoga,17.8,2.7,5.0,3.0,18.62
52.0,Female,64.9,1.51,164.0,165.0,68.0,1.83,1359.0,HIIT,18.2,2.7,4.0,3.0,28.46
58.0,Male,109.7,1.75,181.0,168.0,54.0,1.01,840.0,HIIT,22.1,2.7,2.0,1.0,35.82
54.0,Male,78.4,1.9,174.0,146.0,72.0,0.81,585.0,Yoga,21.5,3.7,2.0,1.0,21.72
41.0,Female,76.7,1.79,172.0,132.0,56.0,1.4,832.0,Yoga,34.0,2.0,4.0,2.0,23.94
46.0,Female,63.1,1.61,187.0,152.0,68.0,1.0,684.0,Strength,34.7,2.2,4.0,2.0,24.34
48.0,Female,62.9,1.58,192.0,124.0,69.0,1.98,1105.0,Strength,20.0,2.7,4.0,,25.2
52.0,Male,85.6,1.74,182.0,145.0,56.0,1.84,1321.0,Yoga,13.9,3.5,4.0,3.0,28.27
50.0,Female,66.3,1.57,192.0,132.0,73.0,1.25,742.0,HIIT,31.6,1.6,2.0,1.0,26.9
38.0,Male,61.3,1.97,177.0,146.0,51.0,1.37,1100.0,Cardio,23.5,2.8,3.0,1.0,15.8
49.0,Female,44.1,1.65,189.0,133.0,74.0,1.16,694.0,HIIT,26.7,1.8,4.0,2.0,16.2
40.0,Male,63.8,1.62,185.0,143.0,72.0,1.3,1022.0,HIIT,20.8,3.4,2.0,1.0,24.31
50.0,Female,55.4,1.55,175.0,122.0,65.0,1.85,1016.0,Strength,18.5,2.7,4.0,3.0,23.06
20.0,Female,74.7,1.58,172.0,166.0,62.0,1.04,863.0,Strength,32.8,2.4,3.0,2.0,29.92
35.0,Female,78.0,1.67,198.0,168.0,57.0,1.13,949.0,Strength,33.3,2.5,4.0,2.0,27.97
42.0,Female,57.5,1.67,192.0,149.0,55.0,1.14,764.0,Yoga,34.1,2.4,2.0,1.0,20.62
59.0,Female,60.7,1.73,185.0,154.0,55.0,1.03,714.0,Yoga,33.8,2.5,3.0,2.0,20.28
48.0,Male,69.0,1.74,160.0,167.0,58.0,1.48,1223.0,HIIT,30.0,2.3,3.0,2.0,22.79
20.0,Female,75.8,1.78,197.0,133.0,53.0,1.42,944.0,HIIT,27.4,2.0,4.0,2.0,23.92
57.0,Female,75.7,1.63,161.0,131.0,60.0,0.69,407.0,Cardio,32.6,2.3,3.0,1.0,28.49
41.0,Female,71.2,1.64,165.0,147.0,54.0,1.42,939.0,HIIT,30.9,2.3,3.0,2.0,26.47
49.0,Male,85.0,1.68,197.0,163.0,74.0,1.82,1468.0,,,3.5,4.0,3.0,30.12
39.0,Female,63.6,1.56,183.0,148.0,66.0,1.22,903.0,Strength,34.8,2.4,2.0,1.0,26.13
40.0,Male,73.2,1.94,177.0,162.0,69.0,0.81,722.0,Strength,29.0,2.4,2.0,1.0,19.45
19.0,Female,48.3,1.52,186.0,136.0,56.0,0.96,653.0,Strength,26.3,1.6,2.0,1.0,20.91
44.0,Female,42.8,1.78,167.0,159.0,64.0,1.49,1066.0,Strength,25.3,2.6,3.0,2.0,13.51
59.0,Male,88.1,1.76,187.0,168.0,74.0,1.35,1123.0,Strength,26.9,3.0,3.0,2.0,28.44
19.0,Female,72.4,1.75,169.0,140.0,64.0,1.2,840.0,Cardio,31.0,1.7,4.0,2.0,23.64
43.0,Male,73.2,1.88,176.0,142.0,63.0,,822.0,Cardio,29.4,3.3,3.0,1.0,
34.0,Male,110.5,1.86,188.0,139.0,62.0,1.42,1086.0,Cardio,22.3,3.6,2.0,1.0,31.94
57.0,Female,46.1,1.76,165.0,130.0,60.0,1.44,842.0,Strength,25.8,,3.0,2.0,14.88
50.0,Male,90.8,1.71,173.0,153.0,62.0,1.07,810.0,Yoga,22.6,3.4,4.0,2.0,31.05
26.0,Female,59.3,1.51,181.0,129.0,71.0,1.7,1096.0,Strength,15.1,2.7,5.0,3.0,26.01
56.0,Female,45.1,1.73,165.0,129.0,73.0,0.83,482.0,Strength,25.4,2.6,3.0,1.0,15.07
,Male,45.0,1.77,185.0,162.0,58.0,1.48,1187.0,Cardio,29.1,3.6,3.0,2.0,14.36
59.0,Male,89.4,1.62,198.0,125.0,59.0,1.43,885.0,Strength,23.5,3.6,3.0,2.0,34.06
43.0,Male,,1.69,171.0,155.0,53.0,1.14,875.0,Cardio,24.1,2.9,3.0,2.0,44.71
52.0,Male,70.9,1.72,194.0,143.0,66.0,1.31,927.0,Strength,20.2,2.6,3.0,2.0,23.97
42.0,Female,49.2,1.5,173.0,131.0,63.0,1.15,,HIIT,27.7,1.5,3.0,2.0,21.87
41.0,Female,62.3,1.79,181.0,162.0,73.0,1.99,1451.0,Yoga,19.0,2.7,5.0,3.0,19.44
30.0,Male,64.1,1.87,182.0,142.0,67.0,0.64,500.0,Yoga,26.2,2.1,2.0,1.0,18.33
24.0,Female,69.7,1.75,166.0,146.0,60.0,1.41,1029.0,Cardio,32.5,2.0,3.0,1.0,22.76
53.0,Female,56.9,1.59,199.0,164.0,65.0,1.49,1100.0,HIIT,29.5,2.0,3.0,2.0,22.51
37.0,Female,53.0,1.71,184.0,156.0,50.0,1.13,881.0,Yoga,28.1,1.7,4.0,2.0,18.13
18.0,Female,72.7,1.55,172.0,125.0,56.0,0.84,525.0,Cardio,29.8,2.0,3.0,1.0,30.26
25.0,Male,76.5,1.96,180.0,120.0,59.0,0.67,442.0,Strength,23.2,2.3,3.0,1.0,19.91
33.0,Male,113.6,1.99,169.0,125.0,58.0,1.38,949.0,Strength,28.4,3.4,2.0,1.0,28.69
31.0,Female,62.5,1.62,168.0,169.0,74.0,1.56,1318.0,HIIT,16.5,2.7,4.0,3.0,23.81
29.0,Male,95.2,1.86,174.0,141.0,52.0,0.64,496.0,Yoga,26.6,2.5,2.0,1.0,27.52
40.0,Male,51.7,1.82,161.0,,71.0,0.9,792.0,Strength,21.4,3.0,3.0,1.0,15.61
32.0,Male,105.3,1.67,184.0,143.0,72.0,0.57,448.0,Cardio,26.9,2.9,3.0,1.0,37.76
45.0,Female,71.2,1.68,172.0,144.0,63.0,1.37,888.0,Strength,34.1,1.6,3.0,1.0,25.23
51.0,Female,78.1,1.51,193.0,134.0,74.0,0.92,555.0,Strength,31.1,2.6,3.0,1.0,34.25
19.0,Female,50.6,1.68,193.0,145.0,64.0,1.21,877.0,Yoga,30.6,2.1,3.0,2.0,17.93
49.0,Male,70.2,1.89,194.0,127.0,51.0,0.7,440.0,Yoga,29.6,2.6,3.0,1.0,19.65
40.0,Female,62.6,1.53,197.0,143.0,73.0,1.93,1380.0,Cardio,18.1,2.7,5.0,3.0,26.74
39.0,Female,60.6,1.65,162.0,167.0,63.0,0.92,768.0,HIIT,27.6,1.7,3.0,1.0,22.26
42.0,Male,76.4,1.97,165.0,157.0,65.0,1.14,886.0,HIIT,22.9,,3.0,2.0,19.69
39.0,Female,63.3,1.71,178.0,125.0,56.0,1.88,1175.0,Strength,18.5,2.7,4.0,3.0,21.65
39.0,Female,68.6,1.64,162.0,154.0,53.0,1.33,1024.0,Cardio,32.4,1.5,3.0,2.0,25.51
59.0,Male,123.3,1.88,177.0,161.0,67.0,1.3,1036.0,HIIT,23.0,2.6,4.0,2.0,34.89
23.0,Male,107.0,1.94,198.0,120.0,73.0,1.35,891.0,HIIT,23.5,2.9,2.0,1.0,28.43
32.0,Male,68.3,1.92,168.0,165.0,54.0,1.42,1289.0,Strength,29.9,3.5,2.0,1.0,18.53
54.0,Female,47.8,1.6,171.0,155.0,55.0,1.19,830.0,Cardio,26.0,2.3,4.0,2.0,18.67
50.0,Female,58.4,1.79,164.0,131.0,56.0,1.6,943.0,HIIT,17.0,2.7,4.0,3.0,18.23
25.0,Female,74.3,1.71,162.0,157.0,64.0,1.43,1123.0,Yoga,25.6,1.6,3.0,2.0,25.41
22.0,Male,106.8,1.82,170.0,130.0,50.0,1.0,715.0,Yoga,28.2,2.3,4.0,2.0,32.24
56.0,Male,125.5,1.8,189.0,131.0,73.0,1.26,817.0,Strength,,2.7,4.0,2.0,38.73
21.0,Female,55.2,1.55,163.0,161.0,53.0,1.37,1103.0,Strength,31.7,1.7,4.0,2.0,22.98
23.0,Female,71.4,1.72,,169.0,74.0,1.25,1056.0,Strength,25.6,1.5,2.0,1.0,24.13
49.0,Male,77.7,1.61,160.0,158.0,50.0,1.03,806.0,Strength,26.7,3.4,,2.0,29.98
47.0,Male,88.4,1.6,186.0,126.0,60.0,1.86,1160.0,HIIT,14.2,3.5,5.0,3.0,34.53
52.0,Male,104.8,1.99,187.0,130.0,67.0,0.93,598.0,Cardio,24.0,2.0,2.0,1.0,26.46
57.0,Male,82.2,1.69,188.0,155.0,63.0,1.15,882.0,Strength,25.2,3.4,4.0,2.0,28.78
33.0,Female,68.2,1.75,177.0,150.0,71.0,0.85,638.0,Strength,29.0,1.7,2.0,1.0,22.27
30.0,Male,,1.99,171.0,152.0,60.0,1.37,1145.0,HIIT,23.0,3.7,3.0,2.0,23.08
59.0,Female,,1.65,172.0,132.0,59.0,1.22,725.0,Strength,33.0,2.2,2.0,1.0,15.46
47.0,Female,68.7,1.76,161.0,137.0,66.0,1.37,845.0,Strength,27.7,2.4,3.0,2.0,22.18
36.0,Female,47.2,1.74,196.0,160.0,53.0,1.5,,Cardio,32.2,1.6,4.0,2.0,15.59
34.0,Male,92.0,1.76,175.0,143.0,73.0,0.73,574.0,Yoga,22.1,3.5,3.0,1.0,29.7
36.0,Male,56.2,1.95,183.0,,64.0,1.09,767.0,Strength,22.5,3.4,4.0,2.0,14.78
45.0,Male,58.4,1.72,194.0,150.0,65.0,1.31,973.0,HIIT,23.4,3.1,4.0,2.0,19.74
43.0,Male,,1.95,181.0,160.0,70.0,1.9,1505.0,Cardio,12.9,3.5,5.0,3.0,21.8
54.0,Female,66.9,1.74,195.0,129.0,62.0,1.24,720.0,HIIT,29.5,2.1,2.0,1.0,22.1
43.0,Male,66.3,1.85,170.0,121.0,58.0,1.18,707.0,Cardio,27.5,3.2,2.0,1.0,19.37
40.0,Male,93.6,1.93,188.0,157.0,60.0,1.38,1192.0,Cardio,22.1,2.0,3.0,1.0,25.13
26.0,Female,64.1,1.5,194.0,134.0,60.0,1.93,1293.0,Strength,15.1,2.7,5.0,3.0,28.49
29.0,Male,86.7,1.62,174.0,122.0,55.0,1.52,1020.0,Strength,13.9,3.5,4.0,3.0,33.04
18.0,Female,62.0,1.59,190.0,162.0,,1.23,996.0,Strength,33.2,2.2,4.0,2.0,24.52
18.0,Female,58.1,1.61,175.0,150.0,71.0,1.9,1425.0,Yoga,15.3,2.7,4.0,3.0,22.41
51.0,Female,64.9,1.6,169.0,125.0,55.0,1.49,838.0,Yoga,31.1,2.5,4.0,2.0,25.35
49.0,Female,69.3,1.62,191.0,122.0,62.0,1.14,626.0,HIIT,28.8,1.9,4.0,2.0,26.41
42.0,Female,42.7,1.74,161.0,130.0,71.0,1.04,608.0,Strength,32.9,1.6,3.0,1.0,14.1
57.0,Female,51.4,1.63,183.0,134.0,73.0,1.2,724.0,Yoga,33.7,2.0,4.0,2.0,19.35
18.0,Female,67.4,1.6,182.0,164.0,71.0,,492.0,Strength,33.5,2.4,3.0,1.0,26.33
33.0,Female,55.6,1.61,161.0,147.0,54.0,1.77,1301.0,Yoga,18.9,2.7,4.0,3.0,21.45
56.0,Male,125.3,1.86,197.0,129.0,64.0,1.0,639.0,Yoga,22.7,2.2,3.0,2.0,36.22
22.0,Male,102.1,1.85,190.0,157.0,,1.48,1278.0,Cardio,28.1,2.4,4.0,,29.83
39.0,Male,61.9,1.77,199.0,166.0,69.0,1.32,1205.0,Strength,25.3,2.3,3.0,1.0,19.76
46.0,Male,108.8,1.64,185.0,169.0,63.0,1.4,1171.0,Strength,20.5,3.4,3.0,1.0,40.45
20.0,Female,51.1,1.58,188.0,169.0,64.0,0.5,422.0,Yoga,29.6,1.6,2.0,1.0,20.47
29.0,Male,81.7,1.99,162.0,126.0,54.0,1.45,1005.0,Strength,29.4,3.2,2.0,1.0,20.63
43.0,Female,42.7,1.66,173.0,134.0,53.0,0.73,440.0,Yoga,33.9,1.9,2.0,1.0,15.5
33.0,Male,81.8,1.99,184.0,137.0,51.0,1.59,1198.0,Strength,10.5,3.5,4.0,3.0,20.66
54.0,Male,54.6,1.76,160.0,137.0,56.0,1.28,868.0,Cardio,27.4,3.3,4.0,2.0,17.63
39.0,Male,107.7,1.88,162.0,160.0,59.0,0.72,634.0,Strength,28.1,3.6,2.0,,30.47
46.0,Female,56.9,1.6,185.0,143.0,,0.88,566.0,Cardio,27.7,1.6,3.0,1.0,22.23
31.0,Male,78.8,1.71,177.0,121.0,59.0,1.49,992.0,HIIT,24.7,2.5,4.0,2.0,26.95
45.0,Female,48.2,1.64,168.0,159.0,67.0,1.25,894.0,Strength,32.1,2.5,4.0,2.0,17.92
,Female,50.7,1.59,197.0,139.0,66.0,1.27,883.0,Strength,29.4,1.8,3.0,2.0,20.05
47.0,Male,86.6,1.99,182.0,,70.0,1.98,1500.0,Strength,10.6,3.5,4.0,3.0,21.87
22.0,Male,96.3,1.63,180.0,162.0,62.0,1.35,1203.0,Cardio,27.1,2.4,4.0,2.0,36.25
29.0,Male,80.8,1.98,160.0,145.0,50.0,1.65,1316.0,Strength,14.6,3.5,5.0,3.0,20.61
33.0,Female,58.0,1.53,180.0,126.0,50.0,1.84,1159.0,Strength,18.3,2.7,5.0,3.0,24.78
43.0,Male,95.9,1.85,186.0,157.0,64.0,1.28,995.0,Yoga,27.7,3.4,2.0,1.0,28.02
43.0,Female,61.5,1.58,165.0,149.0,50.0,1.86,1247.0,HIIT,16.8,2.7,5.0,3.0,24.64
38.0,Female,40.6,1.79,195.0,161.0,55.0,0.62,499.0,Cardio,26.8,2.7,2.0,1.0,12.67
56.0,Male,82.5,1.87,187.0,124.0,74.0,1.51,927.0,Yoga,13.2,3.5,5.0,3.0,23.59
53.0,Male,105.1,1.84,176.0,130.0,62.0,0.69,444.0,Cardio,23.3,2.9,3.0,1.0,31.04
50.0,Female,58.1,1.58,199.0,120.0,50.0,1.93,1042.0,Yoga,19.3,2.7,5.0,3.0,23.27
47.0,Female,61.0,1.76,162.0,153.0,54.0,1.54,1060.0,HIIT,15.6,2.7,5.0,3.0,19.69
54.0,Female,64.5,1.53,171.0,120.0,58.0,1.74,940.0,Yoga,17.2,2.7,4.0,3.0,27.55
40.0,Male,58.2,1.98,198.0,138.0,74.0,1.43,1085.0,Cardio,24.0,2.5,3.0,2.0,14.85
27.0,Female,69.5,1.76,171.0,121.0,66.0,0.94,569.0,Strength,34.4,2.0,3.0,1.0,22.44
22.0,Male,62.2,1.84,161.0,140.0,65.0,0.51,393.0,Strength,21.5,2.3,3.0,1.0,18.37
53.0,Female,68.0,1.7,181.0,139.0,57.0,1.06,663.0,HIIT,25.1,2.4,4.0,2.0,23.53
51.0,Female,56.3,1.5,182.0,142.0,66.0,1.43,914.0,Cardio,27.4,2.4,3.0,1.0,25.02
48.0,Male,94.5,1.7,189.0,140.0,64.0,1.01,700.0,Cardio,28.2,3.5,3.0,2.0,32.7
27.0,Female,58.0,1.79,164.0,143.0,73.0,1.39,994.0,Cardio,27.1,1.5,2.0,1.0,18.1
36.0,Male,84.0,1.94,168.0,123.0,50.0,1.8,1218.0,HIIT,11.2,3.5,5.0,3.0,22.32
49.0,Male,61.0,1.87,180.0,131.0,61.0,1.14,739.0,Strength,21.3,3.0,4.0,2.0,17.44
18.0,Female,64.8,1.53,170.0,141.0,54.0,1.98,1396.0,Yoga,18.6,2.7,5.0,3.0,27.68
22.0,Male,45.7,1.77,164.0,139.0,73.0,1.04,795.0,HIIT,20.7,2.4,3.0,1.0,14.59
21.0,Male,80.9,1.9,194.0,137.0,55.0,1.8,1356.0,Yoga,11.7,3.5,4.0,3.0,22.41
33.0,Female,64.1,1.63,186.0,120.0,74.0,1.58,948.0,Strength,16.4,2.7,5.0,3.0,24.13
41.0,Male,67.0,1.77,161.0,149.0,50.0,1.22,900.0,HIIT,25.6,2.6,3.0,2.0,21.39
33.0,Male,106.5,1.6,183.0,152.0,74.0,1.4,1170.0,Strength,27.3,3.3,4.0,2.0,41.6
19.0,Male,95.1,1.85,190.0,143.0,50.0,1.21,952.0,Yoga,25.3,2.3,4.0,2.0,27.79
45.0,Female,65.5,1.57,192.0,133.0,59.0,0.66,395.0,Cardio,34.3,2.3,2.0,1.0,26.57
49.0,Male,105.7,1.64,198.0,155.0,59.0,1.2,921.0,Cardio,29.5,3.1,3.0,2.0,39.3
44.0,Female,48.0,1.76,189.0,124.0,52.0,0.88,491.0,Yoga,28.6,2.6,2.0,1.0,15.5
37.0,Female,69.5,1.5,196.0,130.0,66.0,0.69,448.0,Cardio,32.8,2.4,2.0,1.0,30.89
41.0,Male,66.1,1.69,187.0,143.0,68.0,0.77,545.0,Yoga,27.4,3.4,2.0,1.0,23.14
29.0,Male,68.0,1.7,190.0,150.0,60.0,0.76,627.0,HIIT,28.9,2.9,2.0,1.0,23.53
52.0,Male,50.3,1.78,170.0,132.0,67.0,0.85,555.0,HIIT,24.5,2.3,2.0,1.0,15.88
50.0,Female,69.3,1.68,182.0,135.0,51.0,1.2,729.0,HIIT,30.3,,2.0,1.0,24.55
50.0,Male,86.7,1.63,161.0,143.0,58.0,1.7,1203.0,Cardio,,3.5,4.0,,32.63
54.0,Male,125.9,1.94,199.0,132.0,73.0,1.35,882.0,Strength,28.5,2.9,3.0,2.0,33.45
29.0,Male,88.1,1.93,186.0,143.0,66.0,1.88,1479.0,Cardio,11.1,3.5,5.0,3.0,23.65
20.0,Male,124.3,1.82,194.0,145.0,63.0,1.25,997.0,Cardio,22.4,3.2,3.0,2.0,37.53
18.0,Male,62.0,1.85,161.0,121.0,53.0,0.88,586.0,,23.7,3.0,3.0,1.0,18.12
50.0,Female,69.7,1.72,198.0,135.0,66.0,1.24,753.0,Strength,27.3,2.0,4.0,2.0,23.56
57.0,Female,60.9,1.52,196.0,157.0,66.0,1.31,926.0,Strength,30.6,1.8,3.0,2.0,26.36
27.0,Male,76.5,1.97,180.0,165.0,61.0,1.13,1025.0,Strength,21.3,2.3,2.0,1.0,19.71
46.0,Male,94.7,1.82,164.0,120.0,69.0,1.47,873.0,Cardio,23.2,3.2,,2.0,28.59
30.0,Male,67.9,1.75,180.0,168.0,67.0,1.25,1155.0,Yoga,29.1,3.1,2.0,1.0,22.17
29.0,Male,121.1,1.87,188.0,130.0,52.0,1.31,937.0,HIIT,24.1,3.2,4.0,2.0,34.63
48.0,Female,71.5,1.64,179.0,154.0,,1.46,1012.0,Yoga,32.5,1.9,4.0,2.0,26.58
19.0,Male,98.6,1.7,197.0,162.0,74.0,0.83,740.0,Cardio,21.1,2.4,2.0,1.0,34.12
52.0,Female,68.2,1.63,179.0,148.0,67.0,1.17,779.0,Strength,27.5,2.4,3.0,1.0,25.67
40.0,Female,57.7,1.69,184.0,156.0,53.0,1.18,920.0,HIIT,33.1,2.4,4.0,2.0,20.2
34.0,Male,124.6,1.63,161.0,136.0,66.0,1.41,1055.0,HIIT,27.6,2.8,3.0,2.0,46.9
43.0,Female,73.0,1.59,191.0,158.0,67.0,1.31,931.0,Yoga,28.9,2.2,3.0,1.0,28.88
25.0,Female,59.4,1.51,185.0,161.0,54.0,1.62,1304.0,Cardio,19.8,2.7,5.0,3.0,26.05
46.0,Female,52.0,1.65,165.0,147.0,63.0,0.7,463.0,Cardio,34.1,1.9,2.0,1.0,19.1
43.0,Female,42.2,1.65,162.0,148.0,59.0,1.33,886.0,Cardio,34.6,2.3,3.0,2.0,15.5
27.0,Male,89.3,1.64,192.0,162.0,64.0,1.82,1622.0,HIIT,12.1,3.5,4.0,3.0,33.2
43.0,Male,110.0,1.76,160.0,122.0,50.0,1.09,658.0,Yoga,22.0,3.4,3.0,1.0,35.51
51.0,Female,66.2,1.58,164.0,129.0,65.0,0.86,499.0,HIIT,31.3,2.3,3.0,1.0,26.52
58.0,Male,58.6,1.66,172.0,161.0,60.0,1.21,964.0,HIIT,26.8,2.9,2.0,1.0,21.27
24.0,Male,51.0,1.67,178.0,133.0,72.0,0.97,710.0,Strength,21.3,2.8,3.0,1.0,18.29
21.0,Male,101.5,1.95,171.0,131.0,69.0,0.97,699.0,Yoga,27.9,3.1,3.0,1.0,26.69
28.0,Male,114.2,1.87,184.0,166.0,55.0,1.05,959.0,Strength,20.2,3.2,3.0,2.0,32.66
46.0,Male,54.4,1.72,194.0,161.0,73.0,0.91,725.0,Cardio,24.8,2.9,2.0,1.0,18.39
53.0,Female,52.4,1.57,171.0,149.0,71.0,1.34,898.0,HIIT,28.3,2.2,3.0,2.0,21.26
42.0,Male,85.2,1.81,189.0,151.0,65.0,1.54,1151.0,Yoga,13.7,3.5,5.0,3.0,26.01
38.0,Male,83.6,1.74,164.0,151.0,51.0,1.66,1379.0,Cardio,11.6,3.5,5.0,3.0,27.61
53.0,Male,115.4,1.92,193.0,161.0,50.0,1.36,1084.0,Yoga,28.3,2.2,4.0,2.0,31.3
27.0,Male,71.2,1.97,181.0,151.0,73.0,0.74,615.0,HIIT,25.9,3.6,3.0,1.0,18.35
54.0,Female,78.1,1.6,198.0,145.0,73.0,1.1,718.0,Yoga,32.9,2.4,4.0,2.0,30.51
26.0,Female,54.2,1.65,172.0,120.0,,1.07,642.0,Cardio,34.9,1.9,4.0,2.0,19.91
41.0,Female,77.6,1.76,162.0,161.0,71.0,1.27,920.0,Strength,31.8,2.2,4.0,2.0,25.05
52.0,Female,44.1,1.62,179.0,121.0,61.0,1.41,768.0,HIIT,34.8,1.6,3.0,,16.8
52.0,Male,85.5,1.8,190.0,136.0,66.0,1.7,1144.0,Strength,10.1,3.5,5.0,3.0,26.39
53.0,Female,47.8,1.76,164.0,149.0,74.0,1.06,711.0,HIIT,28.4,1.5,4.0,2.0,15.43
35.0,Male,102.5,1.94,183.0,158.0,64.0,0.84,730.0,Cardio,21.1,2.4,2.0,1.0,27.23
56.0,Male,118.0,1.9,199.0,126.0,68.0,0.66,412.0,HIIT,22.6,3.2,2.0,1.0,32.69
49.0,Male,82.3,1.84,192.0,146.0,71.0,1.29,932.0,,28.4,3.4,4.0,2.0,24.31
41.0,Male,81.6,1.87,167.0,128.0,59.0,1.87,1185.0,HIIT,10.2,3.5,5.0,3.0,23.33
,Male,60.2,1.88,183.0,141.0,61.0,1.22,946.0,Cardio,25.2,3.0,3.0,2.0,17.03
49.0,Female,49.2,1.54,179.0,153.0,63.0,1.28,881.0,HIIT,30.7,2.1,3.0,2.0,20.75
54.0,Female,46.6,1.5,175.0,165.0,58.0,1.38,1025.0,Strength,30.6,2.0,2.0,1.0,20.71
29.0,Female,68.7,1.72,171.0,168.0,62.0,1.08,907.0,Cardio,29.8,1.7,4.0,2.0,23.22
30.0,Female,60.6,1.55,172.0,120.0,52.0,1.3,780.0,Strength,32.9,1.6,3.0,2.0,
40.0,Male,52.1,1.61,198.0,128.0,70.0,0.87,612.0,HIIT,21.3,3.3,2.0,1.0,20.1
42.0,Female,46.6,1.77,184.0,139.0,63.0,0.61,382.0,Yoga,28.1,2.6,2.0,1.0,14.87
52.0,Male,65.5,1.74,191.0,138.0,70.0,1.48,1011.0,Strength,26.2,2.8,4.0,2.0,21.63
58.0,Female,44.2,1.57,183.0,155.0,59.0,1.08,753.0,HIIT,31.9,2.3,3.0,1.0,17.93
47.0,Male,89.1,1.84,168.0,159.0,65.0,1.44,1133.0,Yoga,24.0,3.6,3.0,2.0,26.32
34.0,Male,65.9,1.62,199.0,164.0,56.0,,731.0,Yoga,28.8,2.2,2.0,1.0,25.11
37.0,Female,55.6,1.57,182.0,123.0,,0.97,597.0,Cardio,29.2,2.4,2.0,1.0,22.56
42.0,Male,,1.98,172.0,128.0,69.0,1.37,868.0,Yoga,24.0,3.0,2.0,1.0,16.25
39.0,Male,86.2,1.82,191.0,160.0,72.0,1.96,1725.0,Strength,10.2,3.5,5.0,3.0,26.02
30.0,Female,59.2,1.63,174.0,141.0,74.0,1.85,1304.0,Strength,17.8,2.7,4.0,3.0,22.28
36.0,Male,85.4,1.88,195.0,137.0,60.0,1.98,1492.0,Yoga,13.5,3.5,5.0,3.0,24.16
53.0,Female,68.1,1.55,164.0,131.0,65.0,1.41,831.0,HIIT,26.1,2.2,4.0,2.0,28.35
29.0,Female,60.0,1.62,181.0,161.0,69.0,0.85,684.0,Strength,28.1,1.9,2.0,1.0,22.86
58.0,Female,74.8,1.69,175.0,162.0,53.0,1.28,933.0,Strength,32.8,2.3,4.0,2.0,26.19
36.0,Male,90.3,1.65,169.0,158.0,71.0,1.38,1199.0,Cardio,23.7,3.4,4.0,2.0,33.17
29.0,Male,86.1,1.65,183.0,128.0,71.0,1.66,1169.0,HIIT,11.2,3.5,4.0,3.0,31.63
26.0,Male,73.7,1.66,177.0,125.0,72.0,0.93,639.0,Yoga,26.7,2.2,2.0,1.0,26.75
24.0,Female,67.7,1.56,177.0,138.0,66.0,1.42,980.0,HIIT,27.0,2.1,3.0,2.0,27.82
45.0,Male,78.3,1.96,166.0,167.0,62.0,1.29,1066.0,Cardio,29.0,2.2,3.0,1.0,20.38
31.0,Female,48.2,1.65,163.0,166.0,60.0,1.1,913.0,Cardio,26.1,2.5,2.0,1.0,17.7
48.0,Female,56.8,1.51,185.0,126.0,52.0,1.37,777.0,HIIT,32.1,2.1,4.0,2.0,24.91
36.0,Male,112.4,1.63,164.0,135.0,58.0,1.02,757.0,Cardio,25.0,3.4,4.0,2.0,42.3
33.0,Female,59.0,1.67,175.0,124.0,55.0,0.9,558.0,Cardio,33.7,1.9,3.0,1.0,21.16
22.0,Male,98.4,1.88,194.0,135.0,71.0,0.52,386.0,Cardio,21.3,2.2,2.0,1.0,27.84
52.0,Male,66.5,1.6,185.0,120.0,70.0,1.34,796.0,HIIT,26.8,2.1,4.0,2.0,25.98
29.0,Male,106.5,1.81,177.0,156.0,60.0,1.29,1107.0,Cardio,25.7,2.5,4.0,2.0,32.51
42.0,Male,88.4,1.93,188.0,158.0,65.0,1.68,1314.0,Yoga,12.4,3.5,4.0,3.0,23.73
38.0,Male,88.4,1.79,182.0,138.0,68.0,1.74,1321.0,Yoga,12.5,3.5,5.0,3.0,27.59
53.0,Female,53.3,1.74,173.0,156.0,54.0,1.37,962.0,Strength,32.2,1.8,3.0,2.0,17.6
40.0,Female,58.1,1.56,174.0,136.0,63.0,0.61,415.0,Yoga,34.4,2.2,2.0,1.0,23.87
33.0,Female,74.2,1.76,192.0,145.0,66.0,1.15,834.0,Strength,25.9,1.5,4.0,2.0,23.95
56.0,Male,84.6,1.63,184.0,141.0,52.0,1.01,705.0,HIIT,20.2,2.9,4.0,2.0,31.84
59.0,Male,78.0,1.92,180.0,127.0,53.0,0.72,453.0,Cardio,28.1,2.7,3.0,1.0,21.16
56.0,Male,89.0,1.68,176.0,152.0,65.0,1.77,1332.0,Yoga,10.5,3.5,5.0,3.0,31.53
31.0,Female,42.7,1.76,182.0,121.0,65.0,1.46,883.0,Strength,34.9,2.2,3.0,1.0,13.78
48.0,Male,83.9,1.82,176.0,149.0,70.0,1.9,1401.0,HIIT,13.1,3.5,5.0,3.0,25.33
22.0,Female,78.7,1.52,173.0,166.0,74.0,1.45,1204.0,Strength,31.5,2.3,3.0,2.0,34.06
52.0,Female,65.9,1.52,188.0,139.0,53.0,1.27,794.0,Cardio,27.0,2.3,4.0,2.0,28.52
40.0,Male,76.9,1.92,179.0,137.0,68.0,1.13,851.0,Yoga,22.4,3.7,4.0,2.0,20.86
46.0,Male,84.3,2.0,189.0,162.0,66.0,1.83,1467.0,HIIT,13.3,3.5,5.0,3.0,21.07
28.0,Female,62.4,1.6,178.0,129.0,62.0,1.1,710.0,Strength,34.1,1.7,3.0,2.0,24.37
35.0,Male,63.7,1.74,198.0,143.0,71.0,1.03,810.0,HIIT,29.8,2.7,4.0,2.0,21.04
29.0,Female,54.9,1.52,172.0,123.0,72.0,1.48,910.0,Strength,27.0,2.0,3.0,1.0,23.76
,Male,76.4,1.79,177.0,156.0,73.0,1.17,1004.0,Strength,21.3,2.7,3.0,2.0,23.84
27.0,Male,106.4,1.86,182.0,123.0,50.0,1.34,907.0,Cardio,20.6,3.1,2.0,1.0,30.76
34.0,Female,68.4,1.5,192.0,132.0,61.0,1.37,904.0,Cardio,33.7,2.1,4.0,2.0,30.4
55.0,Male,63.5,1.86,198.0,144.0,53.0,1.36,969.0,Strength,22.9,2.9,4.0,2.0,18.35
24.0,Female,59.4,1.5,199.0,132.0,60.0,1.25,825.0,Yoga,25.0,2.0,3.0,2.0,26.4
30.0,Male,113.4,1.91,177.0,137.0,54.0,1.27,957.0,HIIT,22.2,3.7,3.0,1.0,31.08
57.0,Female,61.9,1.52,168.0,143.0,51.0,0.92,592.0,HIIT,28.4,2.6,3.0,1.0,26.79
59.0,Female,70.7,1.68,192.0,121.0,66.0,1.17,637.0,Cardio,34.9,1.9,3.0,2.0,25.05
26.0,Male,111.5,1.9,191.0,167.0,57.0,1.02,937.0,Yoga,25.2,2.2,2.0,1.0,30.89
44.0,Female,72.1,,176.0,152.0,55.0,1.4,958.0,Strength,27.0,2.5,2.0,1.0,26.16
19.0,Male,56.9,1.87,178.0,138.0,70.0,0.61,463.0,Cardio,23.3,3.7,3.0,,16.27
22.0,Male,86.2,1.9,186.0,128.0,58.0,1.91,1345.0,Strength,11.7,3.5,5.0,3.0,23.88
46.0,Male,59.4,1.68,165.0,147.0,62.0,1.16,844.0,Strength,20.2,2.5,4.0,2.0,21.05
54.0,Female,75.6,1.72,194.0,154.0,60.0,0.97,672.0,Cardio,26.4,1.9,3.0,1.0,25.55
55.0,Female,76.3,1.73,196.0,158.0,65.0,1.08,768.0,Yoga,,2.6,3.0,1.0,25.49
36.0,Male,95.8,1.86,193.0,129.0,65.0,1.37,972.0,HIIT,21.2,3.2,3.0,1.0,27.69
25.0,Male,120.6,1.83,179.0,120.0,51.0,1.04,686.0,Cardio,22.3,,3.0,2.0,36.01
18.0,Female,65.3,1.55,184.0,161.0,59.0,1.42,1143.0,Yoga,28.5,,3.0,2.0,27.18
39.0,,85.3,1.89,163.0,140.0,61.0,0.77,593.0,Strength,27.6,3.6,2.0,1.0,23.88
34.0,Male,68.0,1.68,169.0,128.0,,0.67,472.0,Cardio,25.8,3.4,2.0,1.0,24.09
24.0,Female,52.6,,169.0,166.0,60.0,1.29,1071.0,HIIT,31.9,2.4,2.0,1.0,21.34
42.0,Male,63.3,1.77,183.0,134.0,59.0,1.32,876.0,HIIT,25.7,3.3,3.0,2.0,20.2
21.0,Female,76.3,1.65,180.0,154.0,62.0,1.14,878.0,Strength,31.8,1.7,3.0,2.0,28.03
53.0,Male,61.0,1.63,170.0,124.0,74.0,0.54,331.0,Cardio,20.0,3.4,3.0,1.0,22.96
23.0,Female,67.8,1.61,186.0,160.0,66.0,1.34,1072.0,HIIT,34.3,1.8,2.0,1.0,26.16
,Male,114.9,1.86,175.0,141.0,56.0,1.36,949.0,Cardio,21.1,3.6,3.0,1.0,33.21
36.0,Male,88.0,1.71,185.0,160.0,73.0,1.87,1646.0,HIIT,12.0,3.5,5.0,3.0,30.09
56.0,Female,67.7,1.58,189.0,142.0,52.0,1.45,927.0,Strength,32.7,1.9,2.0,1.0,27.12
44.0,Male,124.8,1.85,175.0,126.0,69.0,1.35,842.0,Strength,24.4,3.5,4.0,2.0,36.46
27.0,Female,53.0,1.58,166.0,142.0,62.0,1.26,895.0,Cardio,34.5,1.8,4.0,2.0,21.23
43.0,Male,61.2,1.88,175.0,163.0,68.0,1.03,831.0,Yoga,24.7,2.9,3.0,1.0,17.32
36.0,Female,48.7,1.68,194.0,144.0,56.0,1.23,886.0,,33.7,1.6,3.0,1.0,17.25
56.0,Female,50.6,1.7,175.0,146.0,58.0,1.29,848.0,Strength,33.1,2.3,2.0,1.0,17.51
20.0,Female,72.6,1.73,199.0,160.0,68.0,1.27,1016.0,HIIT,34.8,2.5,3.0,2.0,24.26
30.0,Female,70.4,1.56,171.0,125.0,62.0,1.03,644.0,Yoga,34.3,2.4,4.0,2.0,28.93
45.0,Male,52.5,1.88,194.0,153.0,71.0,1.08,818.0,Strength,29.0,2.9,4.0,2.0,14.85
37.0,Male,76.3,1.77,180.0,128.0,57.0,1.36,957.0,HIIT,27.3,2.1,4.0,2.0,24.35
45.0,Female,41.2,1.58,195.0,168.0,71.0,1.47,1111.0,HIIT,28.7,2.6,2.0,1.0,16.5
25.0,Female,55.3,1.76,176.0,152.0,67.0,1.56,1186.0,Yoga,15.5,2.7,4.0,3.0,17.85
58.0,Female,49.7,1.67,191.0,125.0,72.0,1.38,776.0,Strength,31.9,2.3,4.0,2.0,17.82
56.0,Male,48.3,1.87,165.0,156.0,51.0,0.68,525.0,HIIT,29.8,3.3,3.0,1.0,13.81
18.0,Male,83.2,1.96,183.0,150.0,67.0,1.83,1510.0,HIIT,13.6,3.5,4.0,3.0,21.66
20.0,Male,120.5,1.73,186.0,153.0,67.0,1.01,850.0,Cardio,29.3,3.4,3.0,2.0,40.26
30.0,Male,121.6,2.0,179.0,160.0,60.0,1.24,1091.0,Cardio,28.0,3.3,4.0,2.0,30.4
45.0,Female,73.0,1.75,184.0,148.0,50.0,1.14,759.0,Yoga,26.6,2.0,4.0,2.0,23.84
42.0,Female,57.5,1.67,161.0,133.0,63.0,1.76,1053.0,Cardio,16.2,2.7,5.0,3.0,20.62
50.0,Female,42.7,1.53,168.0,155.0,65.0,1.41,983.0,Strength,28.4,2.4,4.0,2.0,18.24
55.0,Male,129.9,1.73,187.0,155.0,60.0,0.69,529.0,Yoga,21.7,3.1,3.0,1.0,43.4
23.0,Male,108.6,1.92,197.0,134.0,50.0,0.89,656.0,Yoga,25.8,3.5,2.0,1.0,29.46
49.0,Male,88.6,2.0,162.0,127.0,56.0,1.83,1150.0,Cardio,14.9,3.5,4.0,3.0,22.15
38.0,Female,49.7,1.51,179.0,145.0,65.0,1.25,906.0,HIIT,32.6,2.5,3.0,1.0,21.8
33.0,Female,56.4,1.54,165.0,155.0,63.0,1.06,822.0,Strength,29.2,1.5,3.0,1.0,23.78
38.0,Male,46.9,1.74,198.0,167.0,64.0,1.03,946.0,Strength,20.0,2.6,4.0,2.0,15.49
28.0,Female,71.3,1.67,192.0,140.0,63.0,1.46,1022.0,Strength,28.1,1.5,4.0,2.0,25.57
54.0,Male,71.6,1.86,160.0,147.0,70.0,1.14,830.0,Yoga,25.3,2.2,3.0,2.0,20.7
53.0,Male,82.3,1.61,196.0,123.0,60.0,1.87,1139.0,Strength,11.6,3.5,5.0,3.0,31.75
52.0,Female,70.6,1.69,165.0,135.0,65.0,1.36,826.0,HIIT,26.1,2.2,3.0,1.0,24.72
36.0,Male,109.8,1.62,193.0,141.0,68.0,0.84,651.0,HIIT,24.4,3.5,3.0,1.0,41.84
37.0,Female,73.5,1.69,174.0,131.0,66.0,0.54,354.0,Cardio,27.5,1.6,2.0,1.0,25.73
35.0,Male,85.6,1.85,185.0,135.0,55.0,1.78,1322.0,Strength,14.5,3.5,5.0,3.0,25.01
58.0,Female,74.6,1.68,173.0,159.0,60.0,1.03,737.0,Yoga,26.0,2.0,4.0,2.0,26.43
31.0,Female,63.2,1.8,166.0,157.0,66.0,0.59,463.0,Cardio,25.5,2.6,2.0,1.0,19.51
32.0,Female,62.6,1.63,190.0,161.0,58.0,1.67,1344.0,HIIT,15.0,2.7,5.0,3.0,23.56
48.0,Male,87.1,1.76,183.0,156.0,67.0,1.81,1398.0,Strength,11.6,3.5,5.0,3.0,28.12
18.0,Male,82.3,1.84,190.0,148.0,66.0,1.73,1408.0,HIIT,13.3,3.5,5.0,3.0,24.31
20.0,Female,64.3,1.78,188.0,137.0,61.0,1.71,1171.0,Cardio,18.7,2.7,4.0,3.0,20.29
33.0,Female,53.7,1.66,191.0,129.0,72.0,1.25,806.0,HIIT,29.5,2.5,3.0,1.0,19.49
40.0,Male,63.0,2.0,176.0,161.0,71.0,1.42,1257.0,Strength,26.8,2.9,4.0,2.0,15.75
28.0,Male,128.4,1.86,173.0,158.0,71.0,1.06,921.0,,23.6,3.3,4.0,2.0,37.11
29.0,Male,88.0,1.89,199.0,137.0,54.0,1.75,1319.0,Cardio,13.3,3.5,5.0,3.0,24.64
27.0,Female,63.7,1.52,195.0,120.0,60.0,1.19,714.0,Strength,25.4,2.1,4.0,2.0,27.57
49.0,Male,83.7,1.87,183.0,158.0,53.0,1.29,1009.0,HIIT,23.9,2.3,4.0,2.0,23.94
33.0,Male,102.6,1.75,186.0,140.0,53.0,1.4,1078.0,HIIT,27.9,2.2,3.0,2.0,33.5
25.0,Female,77.7,1.55,184.0,120.0,52.0,0.55,330.0,Yoga,33.0,1.7,2.0,1.0,32.34
55.0,Male,87.5,1.88,191.0,134.0,73.0,1.19,789.0,Yoga,27.2,2.6,4.0,2.0,24.76
29.0,Male,87.0,1.86,177.0,123.0,72.0,1.52,1028.0,Yoga,11.0,3.5,4.0,3.0,25.15
41.0,Male,82.8,1.66,177.0,139.0,74.0,1.97,1355.0,HIIT,11.2,3.5,5.0,3.0,30.05
45.0,Female,65.4,1.68,196.0,129.0,66.0,0.76,,HIIT,35.0,2.6,3.0,1.0,23.17
25.0,Female,47.2,1.71,185.0,142.0,56.0,,632.0,Cardio,26.0,2.5,2.0,1.0,16.14
45.0,Female,58.2,1.7,168.0,160.0,53.0,0.95,684.0,Yoga,26.8,2.0,3.0,1.0,20.14
53.0,Female,73.5,1.55,194.0,153.0,72.0,1.17,806.0,HIIT,26.3,2.1,4.0,2.0,30.59
43.0,Female,55.2,1.73,167.0,165.0,62.0,1.67,1240.0,Cardio,,2.7,,3.0,18.44
25.0,Female,64.4,1.71,179.0,167.0,61.0,1.12,935.0,HIIT,27.1,1.8,3.0,1.0,22.02
45.0,Female,73.5,1.74,181.0,152.0,50.0,1.18,807.0,Cardio,30.0,2.3,4.0,2.0,24.28
45.0,Male,89.6,1.81,178.0,153.0,70.0,1.7,1287.0,Yoga,12.4,3.5,5.0,3.0,27.35
54.0,Male,86.5,1.76,189.0,158.0,68.0,1.48,1158.0,Yoga,29.0,3.4,3.0,2.0,27.92
58.0,Female,46.1,1.67,187.0,129.0,70.0,1.28,743.0,Yoga,25.3,1.8,4.0,2.0,16.53
53.0,Male,68.5,1.97,194.0,139.0,69.0,1.3,894.0,HIIT,23.2,2.1,3.0,2.0,17.65
44.0,Male,94.6,1.84,170.0,120.0,67.0,1.26,748.0,HIIT,26.0,3.1,4.0,2.0,27.94
34.0,Female,54.2,1.52,190.0,132.0,60.0,1.13,746.0,Cardio,31.0,2.2,3.0,1.0,23.46
26.0,Male,47.7,1.77,198.0,120.0,69.0,1.15,759.0,Strength,24.8,2.7,3.0,2.0,15.23
50.0,,52.2,1.84,195.0,124.0,52.0,1.38,847.0,Strength,28.2,3.1,4.0,2.0,15.42
37.0,Male,88.8,1.95,189.0,135.0,66.0,1.58,1173.0,Yoga,10.3,3.5,5.0,3.0,23.35
30.0,Male,101.0,1.68,182.0,134.0,,1.46,1076.0,Strength,28.2,2.9,4.0,2.0,35.79
45.0,Male,118.4,1.95,178.0,168.0,59.0,1.06,881.0,Yoga,,2.4,3.0,2.0,31.14
46.0,Female,47.9,1.72,171.0,147.0,57.0,1.41,933.0,Cardio,26.3,,3.0,1.0,16.19
,Female,51.5,1.74,174.0,150.0,64.0,1.08,810.0,Strength,33.9,2.0,3.0,2.0,17.01
52.0,Female,79.9,1.51,190.0,142.0,54.0,0.75,479.0,Strength,31.5,2.6,3.0,1.0,35.04
23.0,Male,121.3,1.85,196.0,167.0,53.0,0.72,661.0,Yoga,21.6,3.6,2.0,1.0,35.44
35.0,Female,78.9,1.64,196.0,164.0,70.0,1.28,1050.0,Cardio,25.3,,4.0,2.0,29.34
22.0,Male,88.5,1.62,174.0,162.0,69.0,1.88,1675.0,Strength,10.7,3.5,5.0,3.0,33.72
42.0,Male,73.5,1.63,188.0,136.0,68.0,,350.0,Strength,26.1,3.2,3.0,1.0,27.66
19.0,Male,127.9,1.93,185.0,168.0,70.0,1.27,1173.0,Strength,21.8,3.0,4.0,,34.34
27.0,Male,88.5,1.98,161.0,153.0,53.0,1.8,1515.0,Cardio,11.1,3.5,4.0,3.0,22.57
47.0,Female,43.4,1.62,179.0,132.0,64.0,0.51,303.0,Cardio,25.3,2.3,3.0,1.0,16.54
22.0,Female,42.8,1.56,,133.0,66.0,1.47,978.0,Strength,32.2,2.6,3.0,2.0,17.59
50.0,Male,64.5,1.79,163.0,130.0,61.0,1.17,753.0,Yoga,28.1,2.4,4.0,2.0,20.13
18.0,Female,50.7,1.53,181.0,147.0,52.0,1.29,948.0,Yoga,33.0,2.1,3.0,2.0,21.66
35.0,Male,59.2,1.66,197.0,161.0,59.0,1.3,1151.0,Strength,21.3,3.2,3.0,1.0,21.48
49.0,Female,78.9,1.73,182.0,151.0,64.0,1.38,938.0,Cardio,34.0,2.3,2.0,1.0,26.36
28.0,Female,78.7,1.63,185.0,154.0,59.0,1.1,847.0,Strength,31.7,1.8,3.0,2.0,29.62
38.0,Male,68.7,1.92,170.0,150.0,73.0,1.31,1081.0,Cardio,29.0,3.0,4.0,2.0,18.64
43.0,Female,53.1,1.59,187.0,136.0,72.0,0.82,502.0,Strength,29.5,2.5,2.0,1.0,21.0
42.0,Male,64.8,1.65,161.0,166.0,67.0,1.1,904.0,Cardio,24.4,2.8,3.0,2.0,23.8
39.0,Female,50.3,1.61,167.0,128.0,50.0,1.17,749.0,HIIT,32.8,2.5,2.0,1.0,19.41
44.0,Male,102.3,1.63,,129.0,52.0,1.34,856.0,Yoga,20.9,2.6,4.0,2.0,38.5
30.0,Male,62.9,1.92,170.0,127.0,70.0,1.13,789.0,HIIT,25.2,3.6,2.0,1.0,17.06
50.0,Female,,1.6,196.0,140.0,61.0,1.88,1184.0,Yoga,19.2,2.7,5.0,3.0,22.07
51.0,Female,74.6,1.55,177.0,132.0,50.0,0.71,422.0,Cardio,33.3,2.1,2.0,1.0,31.05
58.0,Male,52.0,1.79,173.0,169.0,52.0,1.12,937.0,HIIT,29.6,3.0,3.0,1.0,16.23
52.0,Female,52.1,1.67,169.0,124.0,52.0,1.5,837.0,Yoga,32.0,1.5,2.0,1.0,18.68
18.0,Female,72.2,1.54,194.0,125.0,54.0,0.97,606.0,Strength,27.1,1.7,2.0,1.0,30.44
38.0,Male,85.8,1.8,168.0,149.0,68.0,1.72,1410.0,Cardio,10.1,3.5,4.0,3.0,26.48
23.0,Male,81.4,1.85,194.0,150.0,74.0,1.6,1320.0,Cardio,12.4,3.5,4.0,3.0,23.78
45.0,Female,50.9,1.65,170.0,136.0,50.0,1.45,887.0,Strength,30.1,2.3,2.0,1.0,18.7
34.0,Male,52.0,1.78,171.0,130.0,53.0,,987.0,Strength,22.4,2.7,4.0,2.0,16.41
22.0,Male,71.0,1.93,162.0,139.0,53.0,,1086.0,Yoga,21.2,2.9,4.0,2.0,19.06
48.0,Male,80.6,1.77,198.0,167.0,66.0,1.51,1248.0,Cardio,12.9,3.5,4.0,3.0,25.73
22.0,Female,58.3,1.72,173.0,128.0,63.0,1.0,640.0,Yoga,32.6,1.6,3.0,2.0,19.71
55.0,Female,63.0,1.7,187.0,121.0,67.0,1.32,719.0,Strength,34.9,2.5,3.0,1.0,21.8
,Male,111.0,1.94,170.0,156.0,50.0,1.02,875.0,Cardio,27.6,3.3,4.0,2.0,29.49
40.0,Female,52.6,1.66,198.0,120.0,71.0,1.27,762.0,Strength,32.9,1.7,3.0,2.0,19.09
54.0,Male,116.4,2.0,184.0,123.0,65.0,1.13,688.0,Yoga,26.2,3.1,3.0,1.0,29.1
54.0,Female,75.6,1.61,180.0,155.0,52.0,1.41,983.0,Yoga,34.9,2.5,4.0,2.0,29.17
27.0,Male,61.6,1.8,169.0,144.0,72.0,1.48,1172.0,Yoga,26.4,3.1,2.0,1.0,19.01
27.0,Male,108.0,1.8,174.0,122.0,70.0,1.38,926.0,Cardio,28.6,,4.0,2.0,33.33
36.0,Female,59.3,1.75,178.0,128.0,58.0,0.99,634.0,Strength,34.5,2.3,3.0,1.0,19.36
34.0,Male,75.7,1.94,181.0,141.0,72.0,,915.0,Strength,29.3,2.4,4.0,2.0,20.11
38.0,Female,56.3,1.6,180.0,142.0,53.0,1.21,859.0,Yoga,28.8,1.9,4.0,2.0,21.99
31.0,Female,58.2,1.73,191.0,131.0,70.0,1.17,766.0,Yoga,25.8,1.8,3.0,2.0,19.45
26.0,Male,55.7,1.68,182.0,129.0,54.0,1.13,802.0,Yoga,21.7,2.9,3.0,,19.73
18.0,Male,125.9,1.67,172.0,153.0,60.0,1.46,1229.0,Yoga,20.6,2.2,3.0,2.0,45.14
30.0,Female,62.7,1.67,164.0,162.0,70.0,1.02,826.0,HIIT,26.1,2.6,4.0,2.0,22.48
21.0,Male,86.6,1.86,163.0,129.0,58.0,1.37,972.0,HIIT,21.8,2.6,3.0,2.0,25.03
18.0,Male,64.5,1.82,187.0,149.0,52.0,1.2,983.0,HIIT,23.4,2.4,3.0,2.0,
57.0,Male,76.6,1.86,173.0,141.0,55.0,1.14,796.0,Yoga,25.4,2.8,4.0,2.0,22.14
49.0,Male,81.4,1.83,167.0,125.0,73.0,1.98,1225.0,Yoga,13.6,3.5,5.0,3.0,24.31
51.0,Male,60.7,1.71,168.0,169.0,60.0,1.14,954.0,Strength,22.1,2.5,2.0,1.0,20.76
45.0,Female,57.2,1.55,194.0,121.0,58.0,1.67,909.0,Cardio,18.4,2.7,5.0,3.0,23.81
48.0,Female,73.0,1.59,196.0,149.0,64.0,1.19,798.0,Strength,32.0,2.1,3.0,2.0,28.88
25.0,Male,123.8,1.99,180.0,121.0,72.0,1.13,752.0,HIIT,25.6,2.6,3.0,1.0,31.26
56.0,Male,93.6,1.66,177.0,151.0,52.0,1.37,1024.0,Strength,29.0,2.2,2.0,1.0,33.97
43.0,Male,,1.92,192.0,161.0,50.0,1.24,988.0,Yoga,21.1,2.5,3.0,1.0,20.83
51.0,Female,54.7,1.53,167.0,135.0,69.0,1.11,674.0,HIIT,26.8,2.0,4.0,2.0,
20.0,Male,92.3,1.94,,131.0,71.0,1.14,821.0,HIIT,24.3,2.1,3.0,2.0,24.52
29.0,Female,71.8,1.55,190.0,120.0,68.0,,720.0,Cardio,26.3,2.4,4.0,2.0,29.89
18.0,,66.9,1.57,193.0,127.0,63.0,1.07,679.0,Cardio,30.7,2.2,3.0,2.0,27.14
22.0,Female,48.7,1.76,165.0,167.0,66.0,1.37,1144.0,HIIT,29.0,2.2,4.0,2.0,15.72
47.0,Male,66.2,1.71,181.0,169.0,71.0,1.42,1188.0,HIIT,22.8,2.9,3.0,1.0,22.64
47.0,Female,40.0,1.76,173.0,132.0,63.0,0.8,475.0,Strength,26.7,2.2,3.0,1.0,12.91
34.0,Male,112.4,1.85,162.0,134.0,66.0,1.18,870.0,HIIT,23.4,3.6,4.0,2.0,32.84
40.0,Female,70.0,1.55,171.0,163.0,74.0,0.85,693.0,Yoga,31.1,1.5,3.0,1.0,29.14
32.0,Male,84.0,1.74,195.0,127.0,63.0,1.45,1013.0,Strength,25.8,2.1,3.0,1.0,27.74
54.0,Female,43.8,1.65,171.0,129.0,61.0,1.29,749.0,Yoga,26.6,1.7,4.0,2.0,16.09
38.0,Male,123.3,1.62,161.0,165.0,65.0,1.34,1216.0,Yoga,21.2,2.3,4.0,2.0,46.98
31.0,Female,57.9,1.56,161.0,124.0,50.0,1.8,1116.0,Yoga,15.1,2.7,5.0,3.0,23.79
19.0,Male,82.4,1.96,174.0,169.0,62.0,1.9,1766.0,HIIT,10.1,3.5,5.0,3.0,21.45
28.0,Male,84.8,1.79,182.0,138.0,55.0,1.35,1025.0,Cardio,28.8,2.3,4.0,2.0,26.47
56.0,Male,109.6,1.66,188.0,166.0,66.0,1.29,1060.0,Cardio,20.5,3.1,3.0,2.0,39.77
55.0,Male,86.4,1.77,176.0,157.0,61.0,1.0,777.0,Yoga,27.3,2.8,3.0,2.0,27.58
51.0,Female,63.9,1.8,191.0,130.0,72.0,1.07,626.0,HIIT,33.7,2.7,4.0,2.0,19.72
55.0,Female,70.8,1.62,166.0,162.0,68.0,0.54,394.0,Strength,26.0,1.8,3.0,1.0,26.98
51.0,Male,115.3,1.67,189.0,139.0,55.0,1.38,950.0,Yoga,24.4,2.5,3.0,2.0,41.34
35.0,Female,55.3,1.56,187.0,139.0,56.0,1.71,1188.0,Strength,19.8,2.7,5.0,3.0,22.72
47.0,Male,73.9,1.8,173.0,140.0,50.0,1.36,942.0,Strength,28.3,3.7,3.0,1.0,22.81
32.0,Male,97.3,1.96,189.0,137.0,50.0,1.36,1025.0,HIIT,24.9,3.4,3.0,2.0,25.33
44.0,Female,60.4,1.65,176.0,169.0,54.0,1.27,966.0,HIIT,32.6,2.1,4.0,2.0,22.19
51.0,Male,49.3,1.61,191.0,129.0,55.0,1.36,868.0,Cardio,28.3,2.9,2.0,1.0,19.02
55.0,Male,91.8,1.78,165.0,153.0,65.0,1.44,1091.0,Cardio,23.5,3.4,,1.0,28.97
50.0,Female,73.6,1.55,183.0,145.0,74.0,0.89,581.0,HIIT,33.9,2.1,3.0,1.0,30.63
41.0,Male,47.1,1.78,165.0,149.0,65.0,1.26,929.0,Yoga,24.7,,3.0,1.0,14.87
32.0,Male,65.2,1.62,,128.0,63.0,0.58,408.0,Cardio,25.3,3.4,2.0,1.0,24.84
47.0,Male,87.2,1.64,177.0,165.0,50.0,2.0,1634.0,Strength,15.0,3.5,4.0,3.0,32.42
59.0,Male,96.7,1.71,183.0,,62.0,0.57,423.0,Yoga,28.4,,3.0,1.0,33.07
34.0,Female,46.9,1.61,196.0,161.0,69.0,1.02,821.0,Strength,28.6,1.7,3.0,2.0,18.09
22.0,Female,72.1,1.62,183.0,123.0,59.0,1.38,849.0,HIIT,25.1,2.1,3.0,1.0,27.47
46.0,Female,62.5,1.54,197.0,125.0,73.0,1.61,906.0,Strength,18.1,2.7,4.0,3.0,26.35
21.0,Male,110.7,1.69,,133.0,59.0,1.06,775.0,Yoga,27.0,2.7,3.0,1.0,38.76
27.0,Male,102.6,1.83,199.0,123.0,58.0,1.41,954.0,HIIT,26.5,3.5,3.0,2.0,30.64
,Female,64.3,1.62,174.0,145.0,62.0,1.76,1276.0,Yoga,19.8,2.7,5.0,3.0,24.5
27.0,Male,80.7,1.61,170.0,166.0,52.0,1.75,1598.0,Strength,14.3,3.5,4.0,3.0,31.13
34.0,Male,115.3,1.81,181.0,167.0,67.0,1.36,1249.0,Yoga,24.5,2.2,2.0,1.0,35.19
37.0,Male,87.8,1.69,,158.0,69.0,1.81,1573.0,HIIT,10.3,3.5,5.0,3.0,30.74
41.0,Male,74.3,1.61,160.0,136.0,51.0,1.06,714.0,Strength,24.8,3.5,4.0,2.0,28.66
22.0,Female,78.5,1.7,177.0,138.0,66.0,1.36,938.0,Strength,31.9,2.1,4.0,2.0,27.16
51.0,Female,77.3,1.58,171.0,168.0,68.0,0.97,733.0,Cardio,31.1,2.0,2.0,1.0,30.96
23.0,Female,64.5,1.7,187.0,125.0,72.0,0.51,319.0,Cardio,30.4,1.7,2.0,1.0,22.32
19.0,Male,72.0,1.94,199.0,148.0,62.0,1.17,952.0,Yoga,24.7,3.2,3.0,2.0,19.13
30.0,Female,,1.77,166.0,130.0,62.0,1.41,916.0,Cardio,27.9,2.6,4.0,2.0,24.87
28.0,Female,69.6,1.58,182.0,135.0,50.0,1.49,1006.0,Cardio,27.8,2.0,3.0,2.0,27.88
40.0,Male,68.9,1.99,180.0,149.0,51.0,1.16,951.0,Cardio,25.0,2.4,4.0,2.0,17.4
33.0,Male,45.9,1.89,193.0,144.0,50.0,1.45,,Cardio,21.6,2.9,3.0,2.0,12.85
48.0,Female,68.2,1.69,170.0,159.0,73.0,0.75,537.0,HIIT,28.4,2.5,3.0,1.0,
28.0,Female,79.6,1.59,181.0,130.0,54.0,1.49,968.0,HIIT,28.2,1.5,3.0,2.0,31.49
33.0,Female,53.6,1.52,194.0,126.0,73.0,1.02,643.0,Cardio,30.9,2.3,2.0,1.0,23.2
,Female,57.7,1.58,188.0,145.0,52.0,1.36,986.0,Yoga,25.7,2.2,3.0,2.0,23.11
21.0,Male,74.2,1.93,187.0,141.0,56.0,1.32,1024.0,HIIT,28.3,2.5,3.0,2.0,19.92
57.0,Female,64.4,1.56,177.0,144.0,73.0,1.52,985.0,Cardio,17.8,2.7,5.0,3.0,26.46
21.0,Female,54.9,1.78,173.0,138.0,71.0,0.55,380.0,HIIT,31.7,2.0,2.0,1.0,17.33
42.0,Male,50.3,1.64,177.0,150.0,62.0,0.63,468.0,Strength,27.0,2.4,3.0,1.0,18.7
20.0,Female,46.5,1.68,187.0,145.0,72.0,0.91,660.0,HIIT,27.9,2.4,2.0,1.0,16.48
49.0,Male,57.8,1.99,183.0,161.0,67.0,0.93,741.0,HIIT,24.7,3.1,3.0,1.0,14.6
20.0,Male,83.0,1.8,167.0,160.0,73.0,0.79,695.0,Yoga,29.6,2.9,2.0,1.0,25.62
44.0,Male,82.5,1.79,167.0,155.0,70.0,1.51,1159.0,HIIT,13.8,3.5,5.0,3.0,25.75
46.0,Female,66.5,1.73,163.0,142.0,56.0,1.11,709.0,Yoga,34.7,2.0,3.0,1.0,22.22
49.0,Female,70.2,1.67,186.0,166.0,50.0,0.93,695.0,Strength,32.5,1.8,3.0,1.0,25.17
36.0,Male,121.9,1.93,195.0,132.0,54.0,1.49,1082.0,Cardio,21.8,3.4,3.0,2.0,32.73
38.0,Female,70.3,1.52,164.0,144.0,66.0,1.19,857.0,Yoga,,,4.0,2.0,30.43
22.0,Female,40.3,1.56,192.0,121.0,57.0,1.45,877.0,HIIT,30.8,2.1,4.0,2.0,16.56
35.0,Male,101.4,1.76,193.0,121.0,64.0,0.84,559.0,HIIT,23.6,2.9,2.0,1.0,32.74
45.0,Male,79.2,1.95,189.0,,69.0,1.47,982.0,Yoga,22.8,2.8,3.0,2.0,20.83
59.0,Female,75.8,1.77,167.0,128.0,53.0,1.46,841.0,Strength,33.1,1.8,3.0,1.0,24.19
39.0,Male,71.7,1.88,198.0,147.0,51.0,0.55,445.0,Cardio,23.7,2.2,2.0,1.0,20.29
38.0,Female,57.7,1.56,185.0,132.0,54.0,,1082.0,HIIT,16.6,2.7,5.0,3.0,23.71
23.0,Female,47.4,,196.0,154.0,50.0,0.76,585.0,Strength,33.5,1.6,3.0,1.0,18.52
18.0,Female,57.2,1.75,193.0,160.0,74.0,1.29,1032.0,Cardio,33.5,2.4,3.0,2.0,18.68
22.0,Female,44.8,1.72,166.0,132.0,54.0,1.48,977.0,Cardio,28.6,1.8,4.0,2.0,15.14
58.0,Male,90.2,1.72,199.0,150.0,55.0,0.9,668.0,HIIT,28.3,2.1,2.0,1.0,30.49
29.0,Male,84.9,1.72,187.0,140.0,51.0,1.79,1378.0,Yoga,14.3,3.5,4.0,3.0,28.7
43.0,Male,95.7,1.77,198.0,151.0,50.0,1.08,807.0,HIIT,24.2,3.4,3.0,1.0,30.55
51.0,Male,59.0,1.65,198.0,153.0,53.0,1.22,924.0,,20.7,2.3,3.0,2.0,21.67
31.0,Female,60.5,1.77,187.0,127.0,56.0,1.72,1092.0,HIIT,15.0,2.7,4.0,3.0,19.31
43.0,Female,53.8,1.72,173.0,160.0,71.0,1.03,742.0,Strength,30.2,2.3,4.0,2.0,18.19
44.0,Male,86.6,1.97,197.0,167.0,50.0,1.66,1372.0,Yoga,11.7,3.5,5.0,3.0,22.31
26.0,Female,72.8,1.67,163.0,121.0,50.0,1.37,829.0,Strength,35.0,1.9,2.0,1.0,26.1
43.0,Female,66.3,1.77,177.0,157.0,57.0,1.48,1046.0,HIIT,32.7,1.7,4.0,2.0,21.16
39.0,Female,56.0,1.6,184.0,151.0,69.0,0.89,672.0,Yoga,32.6,2.0,2.0,1.0,21.87
47.0,Male,45.9,1.93,166.0,159.0,65.0,1.29,1015.0,Cardio,29.6,2.0,3.0,2.0,12.32
34.0,Male,88.0,1.64,197.0,147.0,70.0,1.9,1536.0,Yoga,14.4,3.5,4.0,3.0,32.72
43.0,Male,94.0,1.79,187.0,156.0,62.0,1.31,1012.0,HIIT,23.2,3.4,2.0,1.0,29.34
53.0,Female,44.7,1.79,164.0,160.0,72.0,1.34,965.0,Yoga,26.7,2.1,3.0,2.0,13.95
18.0,Male,63.2,1.63,162.0,120.0,73.0,0.66,436.0,Cardio,27.5,2.2,3.0,1.0,23.79
25.0,Male,95.6,1.9,190.0,160.0,72.0,1.47,1294.0,Cardio,23.8,2.4,4.0,2.0,26.48
52.0,Male,47.8,1.86,179.0,129.0,67.0,1.01,645.0,Yoga,24.7,2.8,3.0,2.0,13.82
32.0,Male,85.3,1.64,178.0,123.0,69.0,1.77,1197.0,Cardio,13.2,3.5,4.0,3.0,31.71
39.0,Male,59.7,1.83,170.0,154.0,59.0,1.35,1143.0,Strength,29.1,2.3,4.0,2.0,17.83
31.0,Male,70.2,1.98,199.0,129.0,61.0,0.71,504.0,Yoga,24.2,2.5,2.0,1.0,17.91
43.0,Female,72.7,1.8,162.0,166.0,50.0,0.79,590.0,Cardio,32.8,2.1,3.0,1.0,22.44
45.0,Female,50.4,1.79,182.0,130.0,59.0,0.74,,Cardio,27.7,2.5,2.0,1.0,15.73
40.0,Male,81.7,1.74,166.0,133.0,58.0,0.91,666.0,Yoga,27.0,2.7,2.0,1.0,26.99
31.0,Male,49.3,1.62,182.0,157.0,52.0,0.56,484.0,Strength,20.0,3.2,2.0,1.0,18.79
41.0,Female,61.9,1.64,166.0,131.0,68.0,1.93,1138.0,Yoga,19.4,2.7,4.0,,23.01
19.0,Female,49.1,1.68,193.0,164.0,58.0,1.42,1164.0,Cardio,25.3,2.6,4.0,2.0,17.4
43.0,Male,66.5,1.83,178.0,136.0,59.0,1.11,747.0,Yoga,27.1,2.4,3.0,2.0,19.86
31.0,Male,75.5,1.93,168.0,135.0,68.0,0.6,446.0,Cardio,20.5,3.4,2.0,1.0,20.27
24.0,Male,88.2,1.79,177.0,154.0,65.0,1.76,1491.0,HIIT,11.3,3.5,4.0,3.0,27.53
20.0,Male,74.8,1.75,184.0,121.0,73.0,1.33,885.0,Yoga,25.0,3.3,3.0,2.0,24.42
40.0,Female,72.2,1.6,173.0,130.0,67.0,0.87,566.0,Yoga,29.2,1.9,3.0,1.0,28.2
35.0,Male,62.8,1.63,184.0,160.0,63.0,1.41,1241.0,Cardio,21.9,3.7,4.0,2.0,23.64
55.0,,84.7,1.79,178.0,122.0,52.0,1.19,719.0,Cardio,23.3,2.4,3.0,2.0,26.43
52.0,Male,116.5,1.69,198.0,148.0,51.0,0.53,388.0,Cardio,27.3,2.4,2.0,1.0,40.79
32.0,Male,77.4,1.92,174.0,137.0,50.0,1.39,1047.0,Cardio,26.7,3.3,3.0,2.0,21.0
42.0,Female,72.9,1.62,175.0,139.0,67.0,1.17,732.0,Yoga,25.7,2.0,4.0,2.0,27.78
54.0,Female,58.4,1.59,186.0,166.0,73.0,1.08,807.0,Cardio,32.5,1.9,2.0,1.0,23.1
45.0,Female,64.3,1.54,199.0,133.0,58.0,1.67,999.0,Yoga,15.3,2.7,4.0,3.0,27.11
27.0,Male,89.3,1.87,169.0,153.0,62.0,1.62,1363.0,Strength,12.7,3.5,5.0,3.0,25.54
56.0,Male,90.2,1.61,163.0,168.0,51.0,1.38,1148.0,Yoga,22.6,2.3,3.0,2.0,34.8
34.0,Female,59.0,1.62,178.0,150.0,56.0,1.13,847.0,Cardio,30.9,2.4,4.0,2.0,22.48
56.0,Male,58.7,1.86,187.0,159.0,65.0,1.09,858.0,Cardio,22.6,3.3,3.0,2.0,16.97
39.0,Male,,1.82,180.0,161.0,70.0,1.26,1116.0,Strength,29.8,3.0,3.0,2.0,
43.0,Female,68.6,1.52,173.0,137.0,68.0,1.42,875.0,Yoga,28.1,2.6,4.0,2.0,29.69
42.0,Female,56.7,1.53,192.0,149.0,74.0,1.07,717.0,Strength,27.4,1.9,3.0,1.0,24.22
34.0,Female,64.5,1.78,169.0,144.0,,1.33,958.0,,27.8,1.8,4.0,2.0,20.36
30.0,Female,61.6,1.52,178.0,138.0,71.0,1.78,,Cardio,19.5,2.7,4.0,3.0,26.66
37.0,Male,75.1,1.82,189.0,127.0,60.0,1.23,859.0,Yoga,26.4,3.2,4.0,2.0,22.67
42.0,Male,79.3,1.93,181.0,147.0,50.0,1.22,888.0,Cardio,27.3,3.3,,1.0,21.29
21.0,Female,72.6,1.68,162.0,127.0,70.0,1.19,756.0,Cardio,34.2,1.8,3.0,2.0,25.72
27.0,Male,76.7,1.7,196.0,150.0,56.0,0.96,792.0,HIIT,29.1,2.1,3.0,1.0,26.54
20.0,Female,44.2,1.61,177.0,122.0,69.0,1.08,659.0,HIIT,32.4,2.5,2.0,1.0,17.05
58.0,Female,56.5,1.7,170.0,122.0,57.0,0.74,406.0,Yoga,27.0,2.7,2.0,1.0,19.55
35.0,Male,100.9,1.63,161.0,,59.0,1.1,986.0,Cardio,28.4,3.1,2.0,1.0,37.98
53.0,Female,55.8,1.55,171.0,141.0,54.0,1.12,711.0,Strength,27.0,1.8,4.0,2.0,23.23
39.0,Male,58.3,1.93,165.0,136.0,58.0,1.35,1010.0,Cardio,27.4,3.7,4.0,2.0,15.65
51.0,Male,48.6,1.77,199.0,155.0,74.0,1.47,1128.0,Strength,26.9,3.5,2.0,1.0,15.51
25.0,Male,81.7,1.95,188.0,136.0,74.0,1.94,1451.0,Yoga,13.8,3.5,4.0,3.0,21.49
57.0,Male,85.6,1.69,189.0,133.0,50.0,1.76,,Yoga,12.7,3.5,5.0,3.0,29.97
36.0,Female,60.0,1.72,161.0,128.0,51.0,1.63,1043.0,Strength,18.2,2.7,5.0,3.0,20.28
59.0,Male,126.4,1.69,168.0,149.0,68.0,1.24,915.0,Strength,29.5,2.9,3.0,1.0,44.26
58.0,Female,75.4,1.78,161.0,140.0,63.0,1.05,662.0,Cardio,26.0,2.5,4.0,2.0,23.8
54.0,Female,64.2,1.69,188.0,131.0,,1.69,996.0,Yoga,16.5,2.7,4.0,3.0,22.48
23.0,Female,65.2,1.62,192.0,156.0,59.0,1.37,1069.0,Cardio,31.1,2.5,3.0,2.0,24.84
43.0,Female,70.1,1.66,169.0,151.0,58.0,0.99,673.0,Strength,34.6,2.6,2.0,1.0,25.44
51.0,Male,102.6,1.77,193.0,130.0,59.0,1.21,,HIIT,21.0,3.4,2.0,1.0,32.75
23.0,Male,107.2,1.93,167.0,139.0,55.0,1.15,879.0,HIIT,20.2,,4.0,2.0,28.78
54.0,Female,56.5,1.75,196.0,154.0,66.0,1.76,1220.0,HIIT,15.3,2.7,5.0,3.0,18.45
50.0,Female,61.6,1.75,192.0,166.0,74.0,1.22,911.0,Strength,25.5,2.2,4.0,2.0,20.11
39.0,Male,81.7,1.75,165.0,165.0,55.0,1.32,1198.0,Cardio,29.1,2.8,4.0,2.0,26.68
38.0,Female,76.6,1.58,199.0,130.0,53.0,0.74,481.0,Yoga,32.2,2.3,2.0,1.0,30.68
23.0,Male,116.8,1.79,178.0,127.0,69.0,1.0,698.0,Strength,26.8,3.4,4.0,2.0,36.45
23.0,Female,60.1,1.59,191.0,123.0,52.0,1.8,1107.0,HIIT,17.6,2.7,4.0,3.0,23.77
21.0,Male,93.7,1.73,186.0,146.0,72.0,1.0,803.0,Cardio,27.8,3.6,2.0,1.0,31.31
47.0,Female,41.6,1.58,160.0,163.0,68.0,1.03,756.0,Yoga,26.6,2.1,4.0,2.0,16.66
28.0,Female,55.1,1.79,192.0,159.0,67.0,1.99,1582.0,Yoga,17.0,2.7,5.0,3.0,17.2
47.0,Male,127.1,1.76,199.0,157.0,73.0,0.71,552.0,Strength,24.9,3.0,2.0,1.0,41.03
48.0,Female,69.1,1.6,191.0,166.0,53.0,1.34,1001.0,Strength,26.1,2.0,4.0,2.0,26.99
41.0,Female,66.8,1.74,164.0,149.0,57.0,1.34,898.0,Yoga,29.2,2.3,3.0,1.0,22.06
26.0,Male,125.5,1.76,176.0,163.0,66.0,1.15,1031.0,Yoga,23.2,3.1,4.0,2.0,40.52
20.0,Female,71.3,1.58,167.0,167.0,54.0,1.07,893.0,HIIT,25.4,1.5,3.0,2.0,28.56
48.0,Male,129.2,1.61,193.0,167.0,62.0,1.06,876.0,Yoga,21.4,2.9,4.0,2.0,49.84
57.0,Male,96.3,1.86,168.0,146.0,74.0,1.1,795.0,Strength,27.6,2.2,3.0,2.0,27.84
54.0,Female,67.5,1.54,182.0,140.0,50.0,0.72,454.0,Cardio,25.2,1.5,3.0,1.0,28.46
53.0,Female,64.4,1.55,194.0,139.0,62.0,1.77,1107.0,,19.7,2.7,4.0,3.0,26.81
41.0,Female,64.9,1.57,166.0,123.0,53.0,1.04,576.0,HIIT,25.9,2.4,4.0,2.0,26.33
48.0,Female,52.3,1.66,174.0,130.0,71.0,0.74,433.0,Yoga,33.0,1.8,3.0,1.0,18.98
23.0,Female,56.7,1.55,179.0,132.0,73.0,1.38,911.0,Cardio,34.0,1.9,4.0,2.0,
19.0,Female,46.8,1.63,184.0,128.0,63.0,1.35,864.0,HIIT,34.4,1.6,4.0,2.0,17.61
37.0,Female,70.3,1.77,162.0,123.0,52.0,1.01,621.0,Strength,33.7,1.7,2.0,1.0,22.44
45.0,Male,80.8,1.76,183.0,131.0,,1.7,1102.0,Yoga,11.4,3.5,4.0,3.0,26.08
28.0,Female,56.0,1.5,193.0,128.0,56.0,1.94,1242.0,Strength,16.7,2.7,5.0,3.0,24.89
21.0,Male,101.2,1.84,181.0,132.0,50.0,1.3,944.0,Yoga,24.3,3.3,2.0,1.0,29.89
32.0,Female,56.6,1.57,170.0,167.0,72.0,1.65,1378.0,HIIT,15.7,2.7,4.0,3.0,22.96
23.0,Female,40.9,1.75,167.0,145.0,61.0,0.82,594.0,Yoga,25.2,2.1,3.0,1.0,13.36
47.0,Male,127.8,1.65,198.0,157.0,60.0,0.77,598.0,Cardio,28.7,3.5,2.0,1.0,46.94
55.0,Female,49.3,1.76,194.0,161.0,73.0,1.28,927.0,Strength,30.5,2.0,2.0,1.0,15.92
19.0,Female,64.3,1.63,197.0,132.0,57.0,1.87,1234.0,Cardio,18.0,2.7,5.0,3.0,24.2
32.0,Male,49.3,,167.0,,74.0,1.18,1025.0,Strength,29.3,2.5,3.0,2.0,18.79
28.0,Female,63.0,1.62,196.0,147.0,55.0,0.68,500.0,Strength,31.7,1.9,2.0,1.0,24.01
25.0,Female,41.1,1.67,186.0,138.0,71.0,1.03,711.0,Yoga,31.9,2.4,3.0,2.0,14.74
43.0,Female,40.5,1.74,187.0,143.0,51.0,1.5,965.0,HIIT,32.9,2.2,3.0,2.0,13.38
22.0,Male,71.0,1.62,199.0,138.0,68.0,0.91,691.0,HIIT,21.2,3.5,2.0,1.0,27.05
23.0,Female,60.9,1.62,193.0,168.0,69.0,1.59,1336.0,Cardio,16.8,2.7,5.0,3.0,23.21
43.0,Female,64.7,1.66,191.0,132.0,69.0,1.88,1117.0,Yoga,19.8,2.7,4.0,3.0,23.48
21.0,Female,51.0,1.71,174.0,132.0,73.0,1.07,706.0,HIIT,34.2,2.2,3.0,2.0,17.44
36.0,Female,57.7,1.77,176.0,147.0,63.0,1.65,1213.0,Strength,19.4,2.7,4.0,3.0,18.42
37.0,Male,76.9,1.82,192.0,121.0,50.0,1.49,992.0,Strength,24.5,2.8,4.0,2.0,23.22
50.0,Male,80.5,1.77,175.0,129.0,59.0,1.85,1181.0,Yoga,14.3,3.5,4.0,3.0,25.7
37.0,Female,73.3,1.74,188.0,141.0,65.0,1.03,726.0,Cardio,25.5,2.4,3.0,2.0,24.21
29.0,,49.0,1.57,168.0,132.0,53.0,1.33,878.0,Yoga,26.5,2.6,3.0,2.0,19.88
18.0,Male,114.5,1.97,192.0,128.0,60.0,1.03,725.0,Cardio,24.1,2.6,3.0,1.0,29.5
43.0,Male,81.0,1.78,188.0,152.0,65.0,1.58,1189.0,Yoga,12.4,3.5,5.0,3.0,25.56
31.0,Female,53.5,1.76,172.0,133.0,69.0,1.22,811.0,Strength,27.6,1.8,4.0,2.0,17.27
55.0,Male,52.1,1.68,180.0,167.0,50.0,0.77,637.0,Yoga,23.6,3.0,3.0,1.0,18.46
54.0,Female,70.1,1.52,180.0,139.0,65.0,0.76,475.0,HIIT,26.6,2.1,2.0,1.0,30.34
28.0,Male,86.9,1.78,164.0,134.0,68.0,1.29,951.0,HIIT,24.9,3.7,4.0,2.0,27.43
53.0,Male,73.4,1.76,169.0,151.0,70.0,1.09,815.0,Yoga,27.9,2.8,3.0,2.0,23.7
30.0,Male,90.0,1.66,165.0,152.0,71.0,1.32,1104.0,Cardio,26.6,2.1,,2.0,32.66
20.0,Male,85.7,1.92,172.0,136.0,58.0,1.72,1287.0,Cardio,10.5,3.5,5.0,3.0,23.25
50.0,Female,70.4,1.55,160.0,143.0,58.0,0.73,470.0,Strength,29.9,2.7,2.0,1.0,29.3
23.0,Male,57.7,1.71,179.0,149.0,58.0,1.15,942.0,Strength,27.0,3.4,3.0,2.0,19.73
27.0,Male,75.7,1.76,167.0,132.0,66.0,0.68,494.0,Cardio,25.3,2.3,3.0,1.0,24.44
22.0,Female,61.8,1.52,169.0,166.0,61.0,1.83,1519.0,Yoga,17.0,2.7,5.0,3.0,26.75
40.0,Male,80.3,1.76,168.0,167.0,74.0,1.63,1497.0,Strength,13.1,3.5,5.0,3.0,25.92
27.0,Male,104.3,1.68,162.0,135.0,62.0,1.28,950.0,Cardio,29.7,3.5,3.0,2.0,36.95
19.0,Female,65.7,1.58,170.0,121.0,57.0,1.46,883.0,Cardio,25.9,1.9,3.0,2.0,26.32
30.0,Male,120.3,1.96,171.0,136.0,65.0,0.66,494.0,Yoga,23.9,2.6,2.0,1.0,31.32
57.0,Female,51.9,1.57,169.0,151.0,67.0,1.05,713.0,HIIT,29.1,2.6,3.0,2.0,21.06
19.0,Female,59.1,1.57,184.0,162.0,50.0,1.65,1336.0,Cardio,17.9,2.7,5.0,3.0,23.98
37.0,Female,66.9,1.75,184.0,127.0,50.0,1.38,876.0,Strength,26.5,2.1,4.0,2.0,21.84
18.0,Female,66.9,1.75,170.0,122.0,61.0,0.94,573.0,Yoga,26.8,1.7,2.0,1.0,21.84
54.0,Male,78.7,1.66,195.0,131.0,55.0,1.42,921.0,Yoga,22.9,2.6,3.0,2.0,28.56
26.0,Female,62.4,1.61,198.0,139.0,58.0,1.88,1307.0,Yoga,19.8,2.7,4.0,3.0,
34.0,Male,102.1,1.71,185.0,135.0,72.0,0.96,713.0,HIIT,27.3,3.2,2.0,1.0,34.92
26.0,Male,51.9,2.0,173.0,133.0,54.0,0.75,549.0,HIIT,26.6,2.3,2.0,1.0,12.97
28.0,Male,58.3,2.0,198.0,135.0,65.0,1.32,980.0,Strength,28.2,3.0,4.0,2.0,14.57
32.0,Male,89.8,1.92,199.0,168.0,67.0,1.93,1783.0,Strength,10.6,3.5,4.0,3.0,24.36
41.0,Male,101.1,1.83,160.0,162.0,66.0,0.79,634.0,Yoga,28.6,3.2,2.0,1.0,30.19
55.0,Male,118.6,1.72,163.0,168.0,67.0,0.77,640.0,Strength,25.9,2.6,3.0,1.0,40.09
52.0,Male,84.8,1.85,189.0,152.0,50.0,1.19,895.0,Cardio,23.4,3.2,2.0,1.0,24.78
47.0,Male,80.0,1.77,171.0,149.0,68.0,0.72,531.0,HIIT,28.2,3.5,3.0,1.0,25.54
48.0,Male,73.1,1.83,194.0,131.0,71.0,1.05,681.0,Yoga,28.0,2.8,4.0,2.0,21.83
22.0,Male,117.3,1.68,172.0,134.0,57.0,1.24,914.0,Yoga,28.5,2.7,3.0,2.0,41.56
31.0,Female,77.4,1.71,190.0,137.0,52.0,1.26,863.0,Cardio,26.2,1.8,4.0,2.0,26.47
28.0,Female,72.9,1.67,197.0,147.0,74.0,1.13,831.0,Cardio,34.7,2.2,3.0,2.0,26.14
26.0,Female,71.2,1.5,182.0,142.0,54.0,1.15,816.0,Cardio,34.6,2.6,2.0,1.0,31.64
51.0,Male,88.2,1.62,163.0,133.0,72.0,1.56,1027.0,Cardio,11.8,3.5,4.0,3.0,33.61
29.0,Female,75.6,1.8,175.0,149.0,57.0,1.31,,Yoga,25.7,1.9,4.0,2.0,23.33
52.0,Female,57.9,1.56,166.0,152.0,68.0,1.66,1135.0,HIIT,15.8,2.7,4.0,3.0,23.79
52.0,Female,70.6,1.58,181.0,164.0,67.0,1.02,753.0,HIIT,34.9,2.0,3.0,2.0,28.28
18.0,Male,118.6,1.64,188.0,134.0,67.0,0.94,693.0,Cardio,25.6,2.7,3.0,1.0,44.1
57.0,Male,55.7,1.99,170.0,126.0,70.0,1.13,705.0,Strength,23.6,3.0,3.0,2.0,14.07
39.0,Male,102.3,1.94,192.0,134.0,50.0,0.89,656.0,Yoga,22.9,2.4,3.0,1.0,27.18
46.0,Male,72.6,1.87,188.0,161.0,64.0,1.31,1044.0,HIIT,22.6,3.4,4.0,2.0,20.76
25.0,Female,63.8,1.68,198.0,165.0,67.0,,784.0,Cardio,31.6,1.9,2.0,1.0,22.6
,Female,67.3,1.67,171.0,157.0,74.0,0.61,479.0,Strength,29.2,2.3,3.0,1.0,24.13
58.0,Female,59.3,1.58,166.0,165.0,56.0,1.97,1463.0,Strength,19.8,2.7,4.0,3.0,23.75
54.0,,,1.57,198.0,163.0,65.0,1.14,836.0,Cardio,31.8,2.1,3.0,1.0,28.68
31.0,Male,86.9,1.69,185.0,130.0,65.0,1.72,1230.0,Yoga,14.0,3.5,4.0,3.0,30.43
47.0,Male,98.2,1.9,199.0,148.0,64.0,0.76,557.0,HIIT,22.9,3.0,3.0,1.0,27.2
52.0,Male,63.6,1.62,168.0,150.0,55.0,1.3,965.0,Strength,20.8,2.3,4.0,2.0,24.23
38.0,Female,45.2,1.68,193.0,144.0,58.0,1.01,727.0,HIIT,29.9,2.4,3.0,2.0,16.01
54.0,Male,117.2,1.62,172.0,143.0,56.0,1.04,736.0,HIIT,23.1,2.3,4.0,2.0,44.66
22.0,Male,107.4,1.74,195.0,138.0,63.0,1.34,1017.0,Strength,22.0,2.2,2.0,1.0,35.47
36.0,Female,59.1,1.78,184.0,121.0,60.0,0.85,514.0,Cardio,34.5,2.2,2.0,1.0,18.65
31.0,Female,53.3,1.64,183.0,141.0,70.0,0.57,402.0,Strength,29.4,2.4,3.0,1.0,19.82
43.0,Male,46.2,1.63,176.0,139.0,65.0,1.18,812.0,Strength,21.7,2.1,2.0,1.0,17.39
21.0,Male,67.0,1.61,161.0,152.0,74.0,1.32,1104.0,Yoga,22.0,2.1,3.0,2.0,25.85
42.0,Male,,1.77,172.0,127.0,55.0,1.77,1113.0,HIIT,11.4,3.5,4.0,,27.55
59.0,Male,85.5,1.67,190.0,144.0,71.0,1.99,1418.0,Cardio,15.0,3.5,5.0,3.0,30.66
42.0,Male,70.2,1.87,188.0,165.0,65.0,1.38,1127.0,HIIT,22.7,3.4,3.0,2.0,20.07
35.0,Male,127.1,1.62,187.0,128.0,,1.02,718.0,Strength,23.3,3.4,4.0,2.0,48.43
57.0,Female,75.6,1.67,186.0,153.0,65.0,1.05,723.0,Cardio,31.6,1.8,3.0,2.0,27.11
25.0,Female,62.6,1.65,174.0,142.0,61.0,1.2,852.0,Cardio,27.9,2.2,3.0,1.0,22.99
56.0,Female,55.7,1.53,190.0,124.0,66.0,1.91,1066.0,Cardio,16.1,2.7,5.0,3.0,23.79
57.0,Male,96.1,1.74,199.0,144.0,54.0,1.21,862.0,Cardio,21.6,2.8,3.0,2.0,31.74
31.0,Female,76.7,1.62,174.0,127.0,74.0,1.39,883.0,Yoga,28.1,2.3,4.0,2.0,29.23
49.0,Male,57.2,1.89,192.0,135.0,62.0,1.14,762.0,Cardio,21.1,3.5,2.0,1.0,16.01
55.0,Male,69.9,1.81,,167.0,57.0,1.2,,Strength,20.2,2.1,4.0,2.0,21.34
50.0,Female,67.9,1.77,171.0,164.0,73.0,1.03,760.0,Yoga,33.0,2.4,3.0,2.0,21.67
40.0,Male,87.9,1.87,196.0,134.0,54.0,1.96,1445.0,Strength,10.7,3.5,5.0,3.0,25.14
32.0,Male,102.8,1.98,168.0,120.0,61.0,1.24,818.0,Strength,27.8,2.8,3.0,2.0,26.22
50.0,Female,51.8,1.5,182.0,141.0,58.0,1.32,838.0,HIIT,33.0,2.2,3.0,1.0,23.02
42.0,Female,57.7,,167.0,122.0,52.0,1.83,,Cardio,17.7,2.7,4.0,3.0,23.41
34.0,Female,66.5,1.69,191.0,157.0,52.0,0.81,636.0,Cardio,28.1,2.3,3.0,1.0,23.28
50.0,Male,95.4,1.61,173.0,133.0,50.0,1.16,764.0,Strength,21.5,3.6,4.0,2.0,36.8
19.0,Female,69.2,1.6,186.0,155.0,74.0,1.17,907.0,Cardio,32.4,1.6,3.0,1.0,27.03
31.0,Female,66.6,1.67,184.0,137.0,71.0,1.02,699.0,Yoga,31.0,1.5,4.0,2.0,23.88
57.0,Male,83.4,1.65,172.0,166.0,67.0,1.57,1290.0,HIIT,13.3,3.5,4.0,3.0,30.63
57.0,Female,43.8,1.75,180.0,160.0,73.0,1.39,1001.0,Cardio,25.1,1.7,2.0,1.0,14.3
56.0,Female,64.2,1.69,190.0,137.0,61.0,1.99,1227.0,Cardio,19.6,2.7,5.0,3.0,22.48
23.0,Female,44.1,1.62,196.0,122.0,58.0,0.58,354.0,Yoga,25.7,2.7,2.0,1.0,16.8
23.0,Male,87.3,1.91,164.0,129.0,58.0,1.87,1327.0,HIIT,11.8,3.5,5.0,3.0,23.93
20.0,Male,55.0,1.6,172.0,168.0,67.0,1.12,1035.0,Yoga,24.0,3.2,4.0,2.0,21.48
24.0,Male,87.1,1.74,187.0,158.0,67.0,1.57,1364.0,Strength,10.0,3.5,4.0,3.0,28.77
25.0,Male,66.6,1.61,184.0,166.0,56.0,1.38,1260.0,Strength,25.0,3.0,2.0,1.0,25.69
59.0,Female,60.4,1.76,194.0,120.0,53.0,1.72,929.0,Cardio,18.8,2.7,5.0,3.0,19.5
32.0,Male,126.4,1.83,198.0,146.0,62.0,1.1,883.0,HIIT,28.2,2.1,3.0,2.0,37.74
46.0,Male,88.7,1.63,166.0,146.0,66.0,0.75,542.0,Strength,28.8,3.5,2.0,1.0,33.38
